t,mem_available_gib,gtt_used_gib,vram_used_gib,rss_gib
0.00,103.74,0.02,0.16,0.00
0.25,103.64,0.02,0.16,0.16
0.50,103.29,0.16,0.16,0.27
0.75,102.77,92.07,0.16,0.27
1.00,97.06,92.07,0.16,0.27
1.25,91.60,92.07,0.16,0.27
1.50,86.16,92.07,0.16,0.27
1.75,80.69,92.07,0.16,0.27
2.01,75.27,92.07,0.16,0.27
2.26,69.70,92.07,0.16,0.27
2.51,64.25,92.07,0.16,0.27
2.76,58.69,92.07,0.16,0.27
3.01,52.93,92.07,0.16,0.27
3.26,47.45,92.07,0.16,0.27
3.51,42.00,92.07,0.16,0.27
3.76,36.54,92.07,0.16,0.27
4.01,31.20,92.07,0.16,0.27
4.26,25.77,92.07,0.16,0.27
4.51,21.78,92.07,0.16,0.27
4.76,17.58,92.07,0.16,0.27
5.01,13.83,92.07,0.16,0.27
5.26,12.02,92.07,0.20,0.27
5.51,11.72,92.07,0.20,0.65
5.77,11.71,92.07,0.20,0.65
6.02,11.70,92.07,0.20,0.65
6.27,11.69,92.07,0.20,0.65
6.52,11.75,92.07,0.20,0.65
6.77,11.72,92.07,0.20,0.65
7.02,11.72,92.07,0.20,0.65
7.27,11.73,92.07,0.20,0.65
7.52,11.70,92.07,0.20,0.65
7.77,11.71,92.07,0.20,0.65
8.02,11.71,92.07,0.20,0.65
8.27,11.72,92.07,0.20,0.65
8.52,11.70,92.07,0.20,0.65
8.77,11.76,92.07,0.20,0.65
9.02,11.77,92.07,0.20,0.66
9.27,11.75,92.07,0.20,0.66
9.52,11.77,92.07,0.20,0.66
9.77,11.85,92.07,0.20,0.66
10.03,11.99,92.07,0.20,0.66
10.28,12.29,92.07,0.20,0.66
10.53,12.26,92.07,0.20,0.66
10.78,12.28,92.07,0.20,0.66
11.03,12.29,92.07,0.20,0.66
11.28,12.29,92.07,0.20,0.67
11.53,12.31,92.07,0.20,0.67
11.78,12.24,92.07,0.20,0.67
12.03,12.26,92.07,0.20,0.65
12.28,12.25,92.07,0.20,0.65
12.53,12.24,92.07,0.20,0.65
12.78,12.25,92.07,0.20,0.65
13.03,12.26,92.07,0.20,0.65
13.28,12.25,92.07,0.20,0.66
13.53,12.30,92.07,0.20,0.66
13.79,12.24,92.07,0.20,0.66
14.04,12.26,92.07,0.20,0.66
14.29,12.26,92.07,0.20,0.66
14.54,12.26,92.07,0.20,0.66
14.79,12.28,92.07,0.20,0.66
15.04,11.95,92.07,0.20,0.66
15.29,12.85,92.07,0.20,0.66
15.54,13.30,92.07,0.20,0.66
15.79,13.41,92.07,0.20,0.66
16.04,13.39,92.07,0.20,0.66
16.29,13.41,92.07,0.20,0.66
16.54,13.43,92.07,0.20,0.66
16.79,13.43,92.07,0.20,0.66
17.04,13.42,92.07,0.20,0.66
17.29,13.41,92.07,0.20,0.67
17.54,13.41,92.07,0.20,0.67
17.79,13.41,92.07,0.20,0.67
18.05,13.39,92.07,0.20,0.67
18.30,13.41,92.07,0.20,0.67
18.55,13.41,92.07,0.20,0.67
18.80,13.40,92.07,0.20,0.67
19.05,13.41,92.07,0.20,0.67
19.30,13.40,92.07,0.20,0.67
19.55,13.38,92.07,0.20,0.67
19.80,13.38,92.07,0.20,0.67
20.05,13.36,92.07,0.20,0.67
20.30,13.34,92.07,0.20,0.67
20.55,13.36,92.07,0.20,0.67
20.80,13.35,92.07,0.20,0.67
21.05,13.35,92.07,0.20,0.67
21.30,13.38,92.07,0.20,0.67
21.55,13.45,92.07,0.20,0.67
21.80,13.42,92.07,0.20,0.67
22.05,13.41,92.07,0.20,0.68
22.31,13.38,92.07,0.20,0.68
22.56,13.41,92.07,0.20,0.68
22.81,13.39,92.07,0.20,0.68
23.06,13.41,92.07,0.20,0.68
23.31,13.40,92.07,0.20,0.68
23.56,13.42,92.07,0.20,0.68
23.81,13.42,92.07,0.20,0.68
24.06,13.41,92.07,0.20,0.68
24.31,13.37,92.07,0.20,0.69
24.56,13.35,92.07,0.20,0.69
24.81,13.35,92.07,0.20,0.69
25.06,13.36,92.07,0.20,0.69
25.31,13.40,92.07,0.20,0.69
25.56,13.38,92.07,0.20,0.69
25.81,13.36,92.07,0.20,0.69
26.06,13.37,92.07,0.20,0.69
26.31,13.35,92.07,0.20,0.69
26.56,13.38,92.07,0.20,0.69
26.81,13.37,92.07,0.20,0.70
27.07,13.36,92.07,0.20,0.70
27.32,13.38,92.07,0.20,0.70
27.57,13.43,92.07,0.20,0.70
27.82,13.43,92.07,0.20,0.70
28.07,13.41,92.07,0.20,0.70
28.32,13.41,92.07,0.20,0.70
28.57,13.37,92.07,0.20,0.70
28.82,13.37,92.07,0.20,0.70
29.07,13.34,92.07,0.20,0.70
29.32,13.38,92.07,0.20,0.70
29.57,13.38,92.07,0.20,0.70
29.82,13.36,92.07,0.20,0.70
30.07,13.31,92.07,0.20,0.70
30.32,13.36,92.07,0.20,0.70
30.57,13.32,92.07,0.20,0.70
30.82,13.34,92.07,0.20,0.71
31.08,13.38,92.07,0.20,0.71
31.33,13.33,92.07,0.20,0.71
31.58,13.31,92.07,0.20,0.71
31.83,13.34,92.07,0.20,0.71
32.08,13.33,92.07,0.20,0.71
32.33,13.30,92.07,0.20,0.71
32.58,13.33,92.07,0.20,0.71
32.83,13.31,92.07,0.20,0.71
33.08,13.30,92.07,0.20,0.71
33.33,13.30,92.07,0.20,0.71
33.58,13.33,92.07,0.20,0.71
33.83,13.28,92.07,0.20,0.71
34.08,13.27,92.07,0.20,0.71
34.33,13.32,92.07,0.20,0.71
34.58,13.31,92.07,0.20,0.72
34.83,13.28,92.07,0.20,0.72
35.08,13.22,92.07,0.20,0.72
35.34,13.29,92.07,0.20,0.72
35.59,13.30,92.07,0.20,0.72
35.84,13.21,92.07,0.20,0.72
36.09,13.30,92.07,0.20,0.72
36.34,13.27,92.07,0.20,0.72
36.59,13.25,92.07,0.20,0.72
36.84,13.23,92.07,0.20,0.72
37.09,13.24,92.07,0.20,0.72
37.34,13.20,92.07,0.20,0.72
37.59,13.24,92.07,0.20,0.72
37.84,13.26,92.07,0.20,0.72
38.09,13.24,92.07,0.20,0.72
38.34,13.22,92.07,0.20,0.72
38.59,13.21,92.07,0.20,0.73
38.84,13.19,92.07,0.20,0.73
39.09,13.21,92.07,0.20,0.73
39.35,13.22,92.07,0.20,0.73
39.60,13.20,92.07,0.20,0.73
39.85,13.16,92.07,0.20,0.73
40.10,13.14,92.07,0.20,0.73
40.35,13.14,92.07,0.20,0.73
40.60,13.17,92.07,0.20,0.73
40.85,13.15,92.07,0.20,0.73
41.10,13.13,92.07,0.20,0.73
41.35,13.16,92.07,0.20,0.73
41.60,13.15,92.07,0.20,0.73
41.85,13.15,92.07,0.20,0.73
42.10,13.18,92.07,0.20,0.73
42.35,13.16,92.07,0.20,0.73
42.60,13.20,92.07,0.20,0.74
42.85,13.14,92.07,0.20,0.74
43.10,13.08,92.07,0.20,0.74
43.35,13.18,92.07,0.20,0.74
43.61,13.17,92.07,0.20,0.74
43.86,13.16,92.07,0.20,0.74
44.11,13.14,92.07,0.20,0.74
44.36,13.17,92.07,0.20,0.74
44.61,13.14,92.07,0.20,0.74
44.86,13.10,92.07,0.20,0.74
45.11,13.15,92.07,0.20,0.74
45.36,13.14,92.07,0.20,0.74
45.61,13.15,92.07,0.20,0.74
45.86,13.13,92.07,0.20,0.74
46.11,13.11,92.07,0.20,0.74
46.36,13.13,92.07,0.20,0.74
46.61,13.12,92.07,0.20,0.75
46.86,13.11,92.07,0.20,0.75
47.11,13.15,92.07,0.20,0.75
47.36,13.17,92.07,0.20,0.75
47.61,13.16,92.07,0.20,0.75
47.87,13.10,92.07,0.20,0.75
48.12,13.17,92.07,0.20,0.77
48.37,13.14,92.07,0.20,0.77
48.62,13.13,92.07,0.20,0.77
48.87,13.12,92.07,0.20,0.77
49.12,13.10,92.07,0.20,0.77
49.37,13.11,92.07,0.20,0.77
49.62,13.11,92.07,0.20,0.77
49.87,13.11,92.07,0.20,0.77
50.12,13.12,92.07,0.20,0.77
50.37,13.11,92.07,0.20,0.77
50.62,13.12,92.07,0.20,0.77
50.87,13.08,92.07,0.20,0.77
51.12,13.08,92.07,0.20,0.77
51.37,13.13,92.07,0.20,0.77
51.62,13.09,92.07,0.20,0.77
51.87,13.08,92.07,0.20,0.77
52.13,13.10,92.07,0.20,0.78
52.38,13.06,92.07,0.20,0.78
52.63,13.03,92.07,0.20,0.78
52.88,13.04,92.07,0.20,0.78
53.13,13.08,92.07,0.20,0.78
53.38,13.06,92.07,0.20,0.78
53.63,13.08,92.07,0.20,0.78
53.88,13.07,92.07,0.20,0.78
54.13,13.06,92.07,0.20,0.78
54.38,13.05,92.07,0.20,0.78
54.63,13.05,92.07,0.20,0.78
54.88,13.04,92.07,0.20,0.78
55.13,13.05,92.07,0.20,0.78
55.38,13.07,92.07,0.20,0.78
55.63,13.03,92.07,0.20,0.78
55.88,13.03,92.07,0.20,0.78
56.13,12.97,92.07,0.20,0.79
56.39,13.01,92.07,0.20,0.79
56.64,13.00,92.07,0.20,0.79
56.89,13.04,92.07,0.20,0.79
57.14,12.98,92.07,0.20,0.79
57.39,13.00,92.07,0.20,0.79
57.64,13.00,92.07,0.20,0.79
57.89,12.98,92.07,0.20,0.79
58.14,13.01,92.07,0.20,0.79
58.39,12.97,92.07,0.20,0.79
58.64,13.00,92.07,0.20,0.79
58.89,12.98,92.07,0.20,0.79
59.14,12.95,92.07,0.20,0.79
59.39,12.94,92.07,0.20,0.79
59.64,12.94,92.07,0.20,0.79
59.89,12.97,92.07,0.20,0.80
60.14,12.92,92.07,0.20,0.80
60.40,12.99,92.07,0.20,0.80
60.65,12.94,92.07,0.20,0.80
60.90,12.95,92.07,0.20,0.80
61.15,12.95,92.07,0.20,0.80
61.40,12.94,92.07,0.20,0.80
61.65,12.92,92.07,0.20,0.80
61.90,12.92,92.07,0.20,0.80
62.15,12.96,92.07,0.20,0.80
62.40,12.95,92.07,0.20,0.80
62.65,12.90,92.07,0.20,0.80
62.90,12.88,92.07,0.20,0.80
63.15,12.90,92.07,0.20,0.80
63.40,12.93,92.07,0.20,0.80
63.65,12.90,92.07,0.20,0.81
63.90,12.86,92.07,0.20,0.81
64.15,12.86,92.07,0.20,0.81
64.40,12.92,92.07,0.20,0.81
64.65,12.86,92.07,0.20,0.81
64.91,12.86,92.07,0.20,0.81
65.16,12.89,92.07,0.20,0.81
65.41,12.90,92.07,0.20,0.81
65.66,12.81,92.07,0.20,0.81
65.91,12.83,92.07,0.20,0.81
66.16,12.90,92.07,0.20,0.81
66.41,12.89,92.07,0.20,0.81
66.66,12.85,92.07,0.20,0.81
66.91,12.83,92.07,0.20,0.81
67.16,12.82,92.07,0.20,0.81
67.41,12.82,92.07,0.20,0.81
67.66,12.85,92.07,0.20,0.82
67.91,12.83,92.07,0.20,0.82
68.16,12.84,92.07,0.20,0.82
68.41,12.81,92.07,0.20,0.82
68.66,12.85,92.07,0.20,0.82
68.91,12.82,92.07,0.20,0.82
69.17,12.79,92.07,0.20,0.82
69.42,12.82,92.07,0.20,0.82
69.67,12.78,92.07,0.20,0.82
69.92,12.81,92.07,0.20,0.82
70.17,12.83,92.07,0.20,0.82
70.42,12.82,92.07,0.20,0.82
70.67,12.80,92.07,0.20,0.82
70.92,12.83,92.07,0.20,0.82
71.17,12.74,92.07,0.20,0.82
71.42,12.80,92.07,0.20,0.82
71.67,12.78,92.07,0.20,0.83
71.92,12.75,92.07,0.20,0.83
72.17,12.74,92.07,0.20,0.83
72.42,12.75,92.07,0.20,0.83
72.67,12.73,92.07,0.20,0.83
72.92,12.78,92.07,0.20,0.83
73.17,12.73,92.07,0.20,0.83
73.43,12.72,92.07,0.20,0.83
73.68,12.78,92.07,0.20,0.83
73.93,12.76,92.07,0.20,0.83
74.18,12.74,92.07,0.20,0.83
74.43,12.77,92.07,0.20,0.83
74.68,12.77,92.07,0.20,0.83
74.93,12.75,92.07,0.20,0.83
75.18,12.73,92.07,0.20,0.83
75.43,12.74,92.07,0.20,0.83
75.68,12.75,92.07,0.20,0.83
75.93,11.37,93.28,0.20,0.83
76.18,11.01,95.13,0.20,0.90
76.43,9.73,95.13,0.20,0.90
76.68,9.47,95.14,0.21,1.07
76.93,9.46,95.14,0.21,1.07
77.18,9.45,95.14,0.21,1.08
77.44,9.45,95.14,0.21,1.08
77.69,9.43,95.14,0.21,1.08
77.94,9.42,95.14,0.21,1.08
78.19,9.37,95.19,0.21,1.11
78.44,8.91,95.47,0.21,1.28
78.69,8.91,95.47,0.21,1.28
78.94,8.90,95.47,0.21,1.28
79.19,8.89,95.47,0.21,1.28
79.44,8.89,95.47,0.21,1.28
79.69,8.88,95.47,0.21,1.28
79.94,8.87,95.47,0.21,1.28
80.19,8.86,95.47,0.21,1.28
80.44,8.86,95.47,0.21,1.28
80.69,8.83,95.47,0.21,1.28
80.94,8.82,95.47,0.21,1.28
81.19,8.78,95.47,0.21,1.28
81.44,8.76,95.47,0.21,1.28
81.69,8.76,95.47,0.21,1.28
81.94,8.76,95.47,0.21,1.28
82.19,8.75,95.47,0.21,1.28
82.44,8.75,95.47,0.21,1.28
82.69,8.74,95.47,0.21,1.28
82.95,8.74,95.47,0.21,1.28
83.20,8.84,95.47,0.21,1.28
83.45,8.83,95.47,0.21,1.28
83.70,8.83,95.47,0.21,1.28
83.95,8.82,95.47,0.21,1.28
84.20,8.81,95.47,0.21,1.28
84.45,8.80,95.47,0.21,1.28
84.70,8.79,95.47,0.21,1.28
84.95,8.79,95.47,0.21,1.28
85.20,8.78,95.47,0.21,1.28
85.45,8.82,95.47,0.21,1.28
85.70,8.81,95.47,0.21,1.28
85.95,8.81,95.47,0.21,1.28
86.20,8.79,95.47,0.21,1.28
86.45,8.79,95.47,0.21,1.28
86.70,8.79,95.47,0.21,1.28
86.95,8.78,95.47,0.21,1.28
87.20,8.76,95.47,0.21,1.28
87.45,8.76,95.47,0.21,1.28
87.70,8.75,95.47,0.21,1.28
87.95,8.79,95.47,0.21,1.28
88.21,8.76,95.47,0.21,1.28
88.46,8.75,95.47,0.21,1.28
88.71,8.75,95.47,0.21,1.28
88.96,8.75,95.47,0.21,1.28
89.21,8.74,95.47,0.21,1.28
89.46,8.73,95.47,0.21,1.28
89.71,8.78,95.47,0.21,1.28
89.96,8.75,95.47,0.21,1.28
90.21,8.73,95.47,0.21,1.28
90.46,8.72,95.47,0.21,1.28
90.71,8.71,95.47,0.21,1.28
90.96,8.71,95.47,0.21,1.28
91.21,8.70,95.47,0.21,1.28
91.46,8.69,95.47,0.21,1.28
91.71,8.69,95.47,0.21,1.28
91.96,8.69,95.47,0.21,1.28
92.21,8.73,95.47,0.21,1.28
92.46,8.71,95.47,0.21,1.28
92.71,8.71,95.47,0.21,1.28
92.96,8.70,95.47,0.21,1.28
93.21,8.68,95.47,0.21,1.28
93.46,8.67,95.47,0.21,1.28
93.71,8.67,95.47,0.21,1.28
93.96,8.67,95.47,0.21,1.28
94.21,8.67,95.47,0.21,1.28
94.46,8.65,95.47,0.21,1.28
94.71,8.64,95.47,0.21,1.28
94.96,8.64,95.47,0.21,1.28
95.21,8.63,95.47,0.21,1.28
95.46,8.62,95.47,0.21,1.28
95.71,8.61,95.47,0.21,1.28
95.96,8.62,95.47,0.21,1.28
96.21,8.61,95.47,0.21,1.28
96.46,8.61,95.47,0.21,1.28
96.71,8.60,95.47,0.21,1.28
96.96,8.68,95.47,0.21,1.28
97.22,8.64,95.47,0.21,1.28
97.47,8.63,95.47,0.21,1.28
97.72,8.63,95.47,0.21,1.28
97.97,8.62,95.47,0.21,1.28
98.22,8.66,95.47,0.21,1.28
98.47,8.66,95.47,0.21,1.28
98.72,8.65,95.47,0.21,1.28
98.97,8.64,95.47,0.21,1.28
99.22,8.60,95.47,0.21,1.28
99.47,8.60,95.47,0.21,1.28
99.72,8.59,95.47,0.21,1.28
99.97,8.59,95.47,0.21,1.28
100.22,8.56,95.47,0.21,1.28
100.47,8.62,95.47,0.21,1.28
100.72,8.62,95.47,0.21,1.28
100.97,8.61,95.47,0.21,1.28
101.22,8.60,95.47,0.21,1.28
101.47,8.59,95.47,0.21,1.28
101.72,8.58,95.47,0.21,1.28
101.97,8.58,95.47,0.21,1.28
102.22,8.56,95.47,0.21,1.28
102.47,8.55,95.47,0.21,1.28
102.72,8.55,95.47,0.21,1.28
102.97,8.61,95.47,0.21,1.28
103.22,8.58,95.47,0.21,1.28
103.48,8.58,95.47,0.21,1.28
103.73,8.57,95.47,0.21,1.28
103.98,8.57,95.47,0.21,1.28
104.23,8.55,95.47,0.21,1.28
104.48,8.54,95.47,0.21,1.28
104.73,8.54,95.47,0.21,1.28
104.98,8.54,95.47,0.21,1.28
105.23,8.54,95.47,0.21,1.28
105.48,8.52,95.47,0.21,1.28
105.73,8.52,95.47,0.21,1.28
105.98,8.52,95.47,0.21,1.28
106.23,8.50,95.47,0.21,1.28
106.48,8.50,95.47,0.21,1.28
106.73,8.50,95.47,0.21,1.28
106.98,8.48,95.47,0.21,1.28
107.23,8.54,95.47,0.21,1.28
107.48,8.53,95.47,0.21,1.28
107.73,8.53,95.47,0.21,1.28
107.98,8.52,95.47,0.21,1.28
108.23,8.50,95.47,0.21,1.28
108.48,8.50,95.47,0.21,1.28
108.73,8.50,95.47,0.21,1.28
108.98,8.50,95.47,0.21,1.28
109.23,8.48,95.47,0.21,1.28
109.48,8.48,95.47,0.21,1.28
109.74,8.48,95.47,0.21,1.28
109.99,8.48,95.47,0.21,1.28
110.24,8.49,95.47,0.21,1.28
110.49,8.49,95.47,0.21,1.28
110.74,8.49,95.47,0.21,1.28
110.99,8.48,95.47,0.21,1.28
111.24,8.45,95.47,0.21,1.28
111.49,8.44,95.47,0.21,1.28
111.74,8.44,95.47,0.21,1.28
111.99,8.44,95.47,0.21,1.28
112.24,8.43,95.47,0.21,1.28
112.49,8.43,95.47,0.21,1.28
112.74,8.42,95.47,0.21,1.28
112.99,8.47,95.47,0.21,1.28
113.24,8.44,95.47,0.21,1.28
113.49,8.44,95.47,0.21,1.28
113.74,8.44,95.47,0.21,1.28
113.99,8.43,95.47,0.21,1.28
114.24,8.42,95.47,0.21,1.28
114.49,8.43,95.47,0.21,1.28
114.74,8.59,95.47,0.21,1.28
114.99,8.58,95.47,0.21,1.28
115.24,8.56,95.47,0.21,1.28
115.49,8.56,95.47,0.21,1.28
115.74,8.55,95.47,0.21,1.28
115.99,8.55,95.47,0.21,1.28
116.25,8.52,95.47,0.21,1.28
116.50,8.51,95.47,0.21,1.28
116.75,8.51,95.47,0.21,1.28
117.00,8.51,95.47,0.21,1.28
117.25,8.50,95.47,0.21,1.28
117.50,8.49,95.47,0.21,1.28
117.75,8.49,95.47,0.21,1.28
118.00,8.49,95.47,0.21,1.28
118.25,8.49,95.47,0.21,1.28
118.50,8.48,95.47,0.21,1.28
118.75,8.48,95.47,0.21,1.28
119.00,8.47,95.47,0.21,1.28
119.25,8.54,95.47,0.21,1.28
119.50,8.53,95.47,0.21,1.28
119.75,8.53,95.47,0.21,1.28
120.00,8.52,95.47,0.21,1.28
120.25,8.50,95.47,0.21,1.28
120.50,8.50,95.47,0.21,1.28
120.75,8.49,95.47,0.21,1.28
121.00,8.48,95.47,0.21,1.28
121.25,8.46,95.47,0.21,1.28
121.50,8.46,95.47,0.21,1.28
121.76,8.45,95.47,0.21,1.28
122.01,8.45,95.47,0.21,1.28
122.26,8.51,95.47,0.21,1.28
122.51,8.49,95.47,0.21,1.28
122.76,8.49,95.47,0.21,1.28
123.01,8.41,95.47,0.21,1.28
123.26,8.40,95.47,0.21,1.28
123.51,8.40,95.47,0.21,1.28
123.76,8.40,95.47,0.21,1.28
124.01,8.39,95.47,0.21,1.28
124.26,8.39,95.47,0.21,1.28
124.51,8.38,95.47,0.21,1.28
124.76,8.38,95.47,0.21,1.28
125.01,8.38,95.47,0.21,1.28
125.26,8.43,95.47,0.21,1.28
125.51,8.43,95.47,0.21,1.28
125.76,8.42,95.47,0.21,1.28
126.01,8.41,95.47,0.21,1.28
126.26,8.40,95.47,0.21,1.28
126.51,8.39,95.47,0.21,1.28
126.76,8.39,95.47,0.21,1.28
127.01,8.38,95.47,0.21,1.28
127.26,8.37,95.47,0.21,1.28
127.51,8.37,95.47,0.21,1.28
127.77,8.36,95.47,0.21,1.28
128.02,8.42,95.47,0.21,1.28
128.27,8.39,95.47,0.21,1.28
128.52,8.39,95.47,0.21,1.28
128.77,8.38,95.47,0.21,1.28
129.02,8.37,95.47,0.21,1.28
129.27,8.35,95.47,0.21,1.28
129.52,8.34,95.47,0.21,1.28
129.77,8.34,95.47,0.21,1.28
130.02,8.40,95.47,0.21,1.28
130.27,8.38,95.47,0.21,1.28
130.52,8.37,95.47,0.21,1.28
130.77,8.36,95.47,0.21,1.28
131.02,8.36,95.47,0.21,1.28
131.27,8.34,95.47,0.21,1.28
131.52,8.34,95.47,0.21,1.28
131.77,8.33,95.47,0.21,1.28
132.02,8.33,95.47,0.21,1.28
132.27,8.36,95.47,0.21,1.28
132.52,8.33,95.47,0.21,1.28
132.78,8.28,95.47,0.21,1.28
133.03,8.27,95.47,0.21,1.28
133.28,8.33,95.47,0.21,1.28
133.53,8.33,95.47,0.21,1.28
133.78,8.32,95.47,0.21,1.28
134.03,8.30,95.47,0.21,1.28
134.28,8.29,95.47,0.21,1.28
134.53,8.29,95.47,0.21,1.28
134.78,8.28,95.47,0.21,1.28
135.03,8.28,95.47,0.21,1.28
135.28,8.28,95.47,0.21,1.28
135.53,8.27,95.47,0.21,1.28
135.78,8.27,95.47,0.21,1.28
136.03,8.27,95.47,0.21,1.28
136.28,8.24,95.47,0.21,1.28
136.53,8.23,95.47,0.21,1.28
136.78,8.23,95.47,0.21,1.28
137.03,8.22,95.47,0.21,1.28
137.28,8.29,95.47,0.21,1.28
137.53,8.28,95.47,0.21,1.28
137.79,8.27,95.47,0.21,1.28
138.04,8.26,95.47,0.21,1.28
138.29,8.23,95.47,0.21,1.28
138.54,8.23,95.47,0.21,1.28
138.79,8.22,95.47,0.21,1.28
139.04,8.22,95.47,0.21,1.28
139.29,8.27,95.47,0.21,1.28
139.54,8.26,95.47,0.21,1.28
139.79,8.25,95.47,0.21,1.28
140.04,8.24,95.47,0.21,1.28
140.29,8.22,95.47,0.21,1.28
140.54,8.22,95.47,0.21,1.28
140.79,8.21,95.47,0.21,1.28
141.04,8.20,95.47,0.21,1.28
141.29,8.25,95.47,0.21,1.28
141.54,8.22,95.47,0.21,1.28
141.79,8.22,95.47,0.21,1.28
142.04,8.06,95.47,0.21,1.42
142.30,8.08,95.47,0.21,1.42
142.55,8.06,95.47,0.21,1.42
142.80,8.04,95.47,0.21,1.42
143.05,8.02,95.47,0.21,1.42
143.30,7.98,95.47,0.21,1.42
143.55,7.98,95.47,0.21,1.42
143.80,7.98,95.47,0.21,1.42
144.05,7.97,95.47,0.21,1.42
144.30,7.96,95.47,0.21,1.42
144.55,7.96,95.47,0.21,1.42
144.80,7.95,95.47,0.21,1.42
145.05,7.95,95.47,0.21,1.42
145.30,8.05,95.47,0.21,1.42
145.55,8.04,95.47,0.21,1.42
145.80,8.04,95.47,0.21,1.42
146.05,8.03,95.47,0.21,1.42
146.30,8.01,95.47,0.21,1.42
146.55,8.02,95.47,0.21,1.42
146.80,8.00,95.47,0.21,1.42
147.06,7.97,95.47,0.21,1.42
147.31,7.95,95.47,0.21,1.42
147.56,7.95,95.47,0.21,1.42
147.81,7.94,95.47,0.21,1.42
148.06,7.94,95.47,0.21,1.42
148.31,7.98,95.47,0.21,1.42
148.56,7.96,95.47,0.21,1.42
148.81,7.93,95.47,0.21,1.42
149.06,7.93,95.47,0.21,1.42
149.31,7.92,95.47,0.21,1.42
149.56,7.84,95.47,0.21,1.56
149.81,7.83,95.47,0.21,1.56
150.06,7.83,95.47,0.21,1.56
150.31,7.81,95.47,0.21,1.56
150.56,7.80,95.47,0.21,1.56
150.82,7.78,95.47,0.21,1.57
151.07,7.78,95.47,0.21,1.57
151.32,7.75,95.47,0.21,1.57
151.57,7.74,95.47,0.21,1.57
151.82,7.74,95.47,0.21,1.57
152.07,7.74,95.47,0.21,1.57
152.32,7.73,95.47,0.21,1.57
152.57,7.73,95.47,0.21,1.57
152.82,7.73,95.47,0.21,1.57
153.07,7.78,95.47,0.21,1.57
153.32,7.76,95.47,0.21,1.57
153.57,7.76,95.47,0.21,1.57
153.82,7.75,95.47,0.21,1.57
154.07,7.75,95.47,0.21,1.57
154.32,7.73,95.47,0.21,1.57
154.57,7.72,95.47,0.21,1.57
154.83,7.72,95.47,0.21,1.57
155.08,7.71,95.47,0.21,1.57
155.33,7.70,95.47,0.21,1.57
155.58,7.76,95.47,0.21,1.57
155.83,7.76,95.47,0.21,1.57
156.08,7.75,95.47,0.21,1.57
156.33,7.73,95.47,0.21,1.57
156.58,7.73,95.47,0.21,1.57
156.83,7.72,95.47,0.21,1.57
157.08,7.72,95.47,0.21,1.57
157.33,7.71,95.47,0.21,1.57
157.58,7.71,95.47,0.21,1.57
157.83,7.70,95.47,0.21,1.57
158.08,7.70,95.47,0.21,1.57
158.34,7.69,95.47,0.21,1.57
158.59,7.73,95.47,0.21,1.57
158.84,7.71,95.47,0.21,1.57
159.09,7.68,95.47,0.21,1.57
159.34,7.67,95.47,0.21,1.57
159.59,7.66,95.47,0.21,1.57
159.84,7.66,95.47,0.21,1.57
160.09,7.66,95.47,0.21,1.57
160.34,7.65,95.47,0.21,1.57
160.59,7.65,95.47,0.21,1.57
160.84,7.65,95.47,0.21,1.57
161.09,7.63,95.47,0.21,1.57
161.34,7.69,95.47,0.21,1.57
161.59,7.68,95.47,0.21,1.57
161.84,7.68,95.47,0.21,1.57
162.09,7.67,95.47,0.21,1.57
162.35,7.65,95.47,0.21,1.57
162.60,7.65,95.47,0.21,1.57
162.85,7.63,95.47,0.21,1.57
163.10,7.62,95.47,0.21,1.57
163.35,7.61,95.47,0.21,1.57
163.60,7.66,95.47,0.21,1.57
163.85,7.65,95.47,0.21,1.57
164.10,7.62,95.47,0.21,1.57
164.35,7.62,95.47,0.21,1.57
164.60,7.61,95.47,0.21,1.57
164.85,7.61,95.47,0.21,1.57
165.10,7.60,95.47,0.21,1.57
165.35,7.61,95.47,0.21,1.57
165.60,7.58,95.47,0.21,1.57
165.85,7.58,95.47,0.21,1.57
166.11,7.60,95.47,0.21,1.57
166.36,7.54,95.47,0.21,1.57
166.61,7.53,95.47,0.21,1.57
166.86,7.53,95.47,0.21,1.57
167.11,7.52,95.47,0.21,1.57
167.36,7.61,95.47,0.21,1.57
167.61,7.60,95.47,0.21,1.57
167.86,7.60,95.47,0.21,1.57
168.11,7.58,95.47,0.21,1.57
168.36,7.58,95.47,0.21,1.57
168.61,7.58,95.47,0.21,1.57
168.86,7.57,95.47,0.21,1.57
169.11,7.56,95.47,0.21,1.57
169.36,7.55,95.47,0.21,1.57
169.61,7.55,95.47,0.21,1.57
169.87,7.55,95.47,0.21,1.57
170.12,7.53,95.48,0.21,1.57
170.37,7.53,95.48,0.21,1.57
170.62,7.52,95.48,0.21,1.57
170.87,7.45,95.48,0.21,1.57
171.12,7.44,95.48,0.21,1.57
171.37,7.44,95.48,0.21,1.57
171.62,7.43,95.48,0.21,1.57
171.87,7.42,95.48,0.21,1.57
172.12,7.42,95.48,0.21,1.57
172.37,7.41,95.48,0.21,1.57
172.62,7.41,95.48,0.21,1.57
172.87,7.53,95.48,0.21,1.57
173.12,7.49,95.48,0.21,1.57
173.37,7.48,95.48,0.21,1.57
173.63,7.48,95.48,0.21,1.57
173.88,7.48,95.48,0.21,1.57
174.13,7.47,95.48,0.21,1.57
174.38,7.46,95.48,0.21,1.57
174.63,7.45,95.48,0.21,1.57
174.88,7.45,95.48,0.21,1.57
175.13,7.50,95.48,0.21,1.57
175.38,7.47,95.48,0.21,1.57
175.63,7.47,95.48,0.21,1.57
175.88,7.46,95.48,0.21,1.57
176.13,7.44,95.48,0.21,1.57
176.38,7.44,95.48,0.21,1.57
176.63,7.48,95.48,0.21,1.57
176.88,7.46,95.48,0.21,1.57
177.13,7.44,95.48,0.21,1.57
177.38,7.43,95.48,0.21,1.57
177.63,7.43,95.48,0.21,1.57
177.89,7.42,95.48,0.21,1.57
178.14,7.41,95.48,0.21,1.57
178.39,7.41,95.48,0.21,1.57
178.64,7.46,95.48,0.21,1.57
178.89,7.45,95.48,0.21,1.57
179.14,7.44,95.48,0.21,1.57
179.39,7.43,95.48,0.21,1.57
179.64,7.42,95.48,0.21,1.57
179.89,7.41,95.48,0.21,1.57
180.14,7.43,95.48,0.21,1.57
180.39,7.42,95.48,0.21,1.57
180.64,7.42,95.48,0.21,1.57
180.89,7.41,95.48,0.21,1.57
181.14,7.38,95.48,0.21,1.57
181.39,7.37,95.48,0.21,1.57
181.64,7.37,95.48,0.21,1.57
181.89,7.37,95.48,0.21,1.57
182.14,7.40,95.48,0.21,1.57
182.39,7.40,95.48,0.21,1.57
182.65,7.38,95.48,0.21,1.57
182.90,7.37,95.48,0.21,1.57
183.15,7.33,95.48,0.21,1.57
183.40,7.33,95.48,0.21,1.57
183.65,7.32,95.48,0.21,1.57
183.90,7.32,95.48,0.21,1.57
184.15,7.37,95.48,0.21,1.57
184.40,7.36,95.48,0.21,1.57
184.65,7.36,95.48,0.21,1.57
184.90,7.35,95.48,0.21,1.57
185.15,7.32,95.48,0.21,1.57
185.40,7.32,95.48,0.21,1.57
185.65,7.31,95.48,0.21,1.57
185.90,7.31,95.48,0.21,1.57
186.15,7.29,95.48,0.21,1.57
186.40,7.29,95.48,0.21,1.57
186.66,7.29,95.48,0.21,1.57
186.91,7.28,95.48,0.21,1.57
187.16,7.31,95.48,0.21,1.57
187.41,7.31,95.48,0.21,1.57
187.66,7.30,95.48,0.21,1.57
187.91,7.29,95.48,0.21,1.57
188.16,7.28,95.48,0.21,1.57
188.41,7.27,95.48,0.21,1.57
188.66,7.27,95.48,0.21,1.57
188.91,7.27,95.48,0.21,1.57
189.16,7.30,95.48,0.21,1.57
189.41,7.30,95.48,0.21,1.57
189.66,7.29,95.48,0.21,1.57
189.91,7.28,95.48,0.21,1.57
190.16,7.27,95.48,0.21,1.57
190.41,7.26,95.48,0.21,1.57
190.66,7.26,95.48,0.21,1.57
190.91,7.25,95.48,0.21,1.57
191.17,7.29,95.48,0.21,1.57
191.42,7.28,95.48,0.21,1.57
191.67,7.28,95.48,0.21,1.57
191.92,7.27,95.48,0.21,1.57
192.17,7.24,95.48,0.21,1.57
192.42,7.24,95.48,0.21,1.57
192.67,7.24,95.48,0.21,1.57
192.92,7.23,95.48,0.21,1.57
193.17,7.29,95.48,0.21,1.57
193.42,7.28,95.48,0.21,1.57
193.67,7.28,95.48,0.21,1.57
193.92,7.27,95.48,0.21,1.57
194.17,7.25,95.48,0.21,1.57
194.42,7.24,95.48,0.21,1.57
194.67,7.25,95.48,0.21,1.57
194.92,7.24,95.48,0.21,1.57
195.17,7.24,95.48,0.21,1.57
195.42,7.24,95.48,0.21,1.57
195.68,7.22,95.48,0.21,1.57
195.93,7.22,95.48,0.21,1.57
196.18,7.21,95.48,0.21,1.57
196.43,7.21,95.48,0.21,1.57
196.68,7.21,95.48,0.21,1.57
196.93,7.21,95.48,0.21,1.57
197.18,7.24,95.48,0.21,1.57
197.43,7.22,95.48,0.21,1.57
197.68,7.22,95.48,0.21,1.57
197.93,7.21,95.48,0.21,1.57
198.18,7.19,95.48,0.21,1.57
198.43,7.19,95.48,0.21,1.57
198.68,7.18,95.48,0.21,1.57
198.93,7.57,95.49,0.21,1.16
199.18,7.47,95.49,0.21,1.30
199.43,7.47,95.49,0.21,1.30
199.68,7.46,95.49,0.21,1.30
199.93,7.44,95.49,0.21,1.30
200.18,7.43,95.49,0.21,1.30
200.44,7.43,95.49,0.21,1.30
200.69,7.42,95.49,0.21,1.30
200.94,7.42,95.49,0.21,1.30
201.19,7.40,95.49,0.21,1.30
201.44,7.39,95.49,0.21,1.30
201.69,7.39,95.49,0.21,1.30
201.94,7.39,95.49,0.21,1.30
202.19,7.42,95.49,0.21,1.30
202.44,7.41,95.49,0.21,1.30
202.69,7.40,95.49,0.21,1.30
202.94,7.37,95.49,0.21,1.30
203.19,7.36,95.49,0.21,1.30
203.44,7.35,95.49,0.21,1.30
203.69,7.35,95.49,0.21,1.30
203.94,7.35,95.49,0.21,1.30
204.19,7.37,95.49,0.21,1.30
204.44,7.36,95.49,0.21,1.30
204.69,7.36,95.49,0.21,1.30
204.94,7.35,95.49,0.21,1.30
205.19,7.33,95.49,0.21,1.30
205.44,7.32,95.49,0.21,1.30
205.69,7.31,95.49,0.21,1.30
205.94,7.31,95.49,0.21,1.30
206.20,7.37,95.49,0.21,1.30
206.45,7.36,95.49,0.21,1.30
206.70,7.34,95.49,0.21,1.30
206.95,7.32,95.49,0.21,1.30
207.20,7.56,95.49,0.21,1.30
207.45,7.55,95.49,0.21,1.30
207.70,7.50,95.49,0.21,1.30
207.95,7.50,95.49,0.21,1.30
208.20,7.48,95.49,0.21,1.30
208.45,7.48,95.49,0.21,1.30
208.70,7.48,95.49,0.21,1.30
208.95,7.48,95.49,0.21,1.30
209.20,7.45,95.49,0.21,1.30
209.45,7.44,95.49,0.21,1.30
209.70,7.44,95.49,0.21,1.30
209.95,7.43,95.49,0.21,1.30
210.20,7.42,95.49,0.21,1.30
210.45,7.42,95.49,0.21,1.30
210.70,7.42,95.49,0.21,1.30
210.95,7.42,95.49,0.21,1.30
211.20,7.41,95.49,0.21,1.30
211.45,7.50,95.49,0.21,1.30
211.70,7.50,95.49,0.21,1.30
211.96,7.49,95.49,0.21,1.30
212.21,7.47,95.49,0.21,1.30
212.46,7.47,95.49,0.21,1.30
212.71,7.47,95.49,0.21,1.30
212.96,7.45,95.49,0.21,1.30
213.21,7.43,95.49,0.21,1.30
213.46,7.43,95.49,0.21,1.30
213.71,7.42,95.49,0.21,1.30
213.96,7.49,95.47,0.21,1.30
214.21,7.45,95.47,0.21,1.30
214.46,7.45,95.47,0.21,1.30
214.71,7.44,95.47,0.21,1.30
214.96,7.43,95.47,0.21,1.30
215.21,7.42,95.47,0.21,1.30
215.46,7.41,95.47,0.21,1.30
215.71,7.40,95.47,0.21,1.30
215.96,7.40,95.47,0.21,1.30
216.21,7.39,95.47,0.21,1.30
216.46,7.47,95.47,0.21,1.30
216.71,7.46,95.47,0.21,1.30
216.96,7.46,95.47,0.21,1.30
217.21,7.43,95.47,0.21,1.30
217.46,7.42,95.47,0.21,1.30
217.72,7.41,95.47,0.21,1.30
217.97,7.41,95.47,0.21,1.30
218.22,7.38,95.47,0.21,1.30
218.47,7.37,95.47,0.21,1.30
218.72,7.44,95.47,0.21,1.30
218.97,7.42,95.47,0.21,1.30
219.22,7.40,95.47,0.21,1.30
219.47,7.40,95.47,0.21,1.30
219.72,7.40,95.47,0.21,1.30
219.97,7.37,95.47,0.21,1.30
220.22,7.36,95.47,0.21,1.30
220.47,7.36,95.47,0.21,1.30
220.72,7.36,95.47,0.21,1.30
220.97,7.36,95.47,0.21,1.30
221.22,7.41,95.47,0.21,1.30
221.47,7.40,95.47,0.21,1.30
221.72,7.39,95.47,0.21,1.30
221.97,7.38,95.47,0.21,1.30
222.22,7.35,95.47,0.21,1.30
222.47,7.35,95.47,0.21,1.30
222.72,7.34,95.47,0.21,1.30
222.97,7.34,95.47,0.21,1.30
223.22,7.32,95.47,0.21,1.30
223.47,7.32,95.47,0.21,1.30
223.73,7.38,95.47,0.21,1.30
223.98,7.37,95.47,0.21,1.30
224.23,7.33,95.47,0.21,1.30
224.48,7.33,95.47,0.21,1.30
224.73,7.32,95.47,0.21,1.30
224.98,7.32,95.47,0.21,1.30
225.23,7.30,95.47,0.21,1.30
225.48,7.30,95.47,0.21,1.30
225.73,7.30,95.47,0.21,1.30
225.98,7.30,95.47,0.21,1.30
226.23,7.34,95.47,0.21,1.30
226.48,7.33,95.47,0.21,1.30
226.73,7.32,95.47,0.21,1.30
226.98,7.31,95.47,0.21,1.30
227.23,7.29,95.47,0.21,1.30
227.48,7.28,95.47,0.21,1.30
227.73,7.29,95.47,0.21,1.30
227.98,7.28,95.47,0.21,1.30
228.23,7.34,95.47,0.21,1.30
228.48,7.34,95.47,0.21,1.30
228.73,7.34,95.47,0.21,1.30
228.98,7.32,95.47,0.21,1.30
229.23,7.32,95.47,0.21,1.30
229.49,7.31,95.47,0.21,1.30
229.74,7.31,95.47,0.21,1.30
229.99,7.30,95.47,0.21,1.30
230.24,7.30,95.47,0.21,1.30
230.49,7.29,95.47,0.21,1.30
230.74,7.29,95.47,0.21,1.30
230.99,7.29,95.47,0.21,1.30
231.24,7.35,95.47,0.21,1.30
231.49,7.34,95.47,0.21,1.30
231.74,7.34,95.47,0.21,1.30
231.99,7.33,95.47,0.21,1.30
232.24,7.31,95.47,0.21,1.30
232.49,7.31,95.47,0.21,1.30
232.74,7.30,95.47,0.21,1.30
232.99,7.29,95.47,0.21,1.30
233.24,7.27,95.47,0.21,1.30
233.49,7.27,95.47,0.21,1.30
233.74,7.27,95.47,0.21,1.30
233.99,7.27,95.47,0.21,1.30
234.24,7.27,95.47,0.21,1.30
234.49,7.26,95.47,0.21,1.30
234.74,7.26,95.47,0.21,1.30
234.99,7.26,95.47,0.21,1.30
235.24,7.34,95.47,0.21,1.30
235.49,7.34,95.47,0.21,1.30
235.75,7.33,95.47,0.21,1.30
236.00,7.32,95.47,0.21,1.30
236.25,7.30,95.47,0.21,1.30
236.50,7.30,95.47,0.21,1.30
236.75,7.30,95.47,0.21,1.30
237.00,7.29,95.47,0.21,1.30
237.25,7.29,95.47,0.21,1.30
237.50,7.28,95.47,0.21,1.30
237.75,7.28,95.47,0.21,1.30
238.00,7.27,95.47,0.21,1.30
238.25,7.32,95.47,0.21,1.30
238.50,7.31,95.47,0.21,1.30
238.75,7.30,95.47,0.21,1.30
239.00,7.30,95.47,0.21,1.30
239.25,7.28,95.47,0.21,1.30
239.50,7.28,95.47,0.21,1.30
239.75,7.28,95.47,0.21,1.30
240.00,7.25,95.47,0.21,1.30
240.25,7.24,95.47,0.21,1.30
240.50,7.23,95.47,0.21,1.30
240.75,7.23,95.47,0.21,1.30
241.00,7.23,95.47,0.21,1.30
241.25,7.27,95.47,0.21,1.30
241.50,7.27,95.47,0.21,1.30
241.76,7.26,95.47,0.21,1.30
242.01,7.25,95.47,0.21,1.30
242.26,7.24,95.47,0.21,1.30
242.51,7.24,95.47,0.21,1.30
242.76,7.24,95.47,0.21,1.30
243.01,7.25,95.47,0.21,1.30
243.26,7.21,95.47,0.21,1.30
243.51,7.21,95.47,0.21,1.30
243.76,7.19,95.47,0.21,1.30
244.01,7.19,95.47,0.21,1.30
244.26,7.18,95.47,0.21,1.30
244.51,7.18,95.47,0.21,1.30
244.76,7.18,95.47,0.21,1.30
245.01,7.18,95.47,0.21,1.30
245.26,7.20,95.47,0.21,1.30
245.51,7.19,95.47,0.21,1.30
245.76,7.19,95.47,0.21,1.30
246.01,7.18,95.47,0.21,1.30
246.26,7.16,95.47,0.21,1.30
246.51,7.16,95.47,0.21,1.30
246.76,7.16,95.47,0.21,1.30
247.02,7.15,95.47,0.21,1.30
247.27,7.16,95.47,0.21,1.30
247.52,7.15,95.47,0.21,1.30
247.77,7.14,95.47,0.21,1.30
248.02,7.50,95.47,0.21,1.30
248.27,7.47,95.47,0.21,1.30
248.52,7.42,95.47,0.21,1.30
248.77,7.42,95.47,0.21,1.30
249.02,7.42,95.47,0.21,1.30
249.27,7.39,95.47,0.21,1.30
249.52,7.39,95.47,0.21,1.30
249.77,7.39,95.47,0.21,1.30
250.02,7.37,95.47,0.21,1.30
250.27,7.36,95.47,0.21,1.30
250.52,7.36,95.47,0.21,1.30
250.77,7.36,95.47,0.21,1.30
251.02,7.36,95.47,0.21,1.30
251.27,7.30,95.47,0.21,1.44
251.52,7.29,95.47,0.21,1.44
251.77,7.29,95.47,0.21,1.44
252.02,7.28,95.47,0.21,1.44
252.27,7.26,95.47,0.21,1.44
252.52,7.26,95.47,0.21,1.44
252.78,7.25,95.47,0.21,1.44
253.03,7.25,95.47,0.21,1.44
253.28,7.30,95.47,0.21,1.44
253.53,7.29,95.47,0.21,1.44
253.78,7.28,95.47,0.21,1.44
254.03,7.27,95.47,0.21,1.44
254.28,7.24,95.47,0.21,1.44
254.53,7.24,95.47,0.21,1.44
254.78,7.22,95.47,0.21,1.44
255.03,7.22,95.47,0.21,1.44
255.28,7.38,95.47,0.21,1.44
255.53,7.37,95.47,0.21,1.44
255.78,7.36,95.47,0.21,1.44
256.03,7.36,95.47,0.21,1.44
256.28,7.33,95.47,0.21,1.44
256.53,7.32,95.47,0.21,1.44
256.78,7.31,95.47,0.21,1.44
257.03,7.31,95.47,0.21,1.44
257.28,7.30,95.47,0.21,1.44
257.53,7.35,95.47,0.21,1.44
257.78,7.33,95.47,0.21,1.44
258.03,7.33,95.47,0.21,1.44
258.28,7.31,95.47,0.21,1.44
258.54,7.31,95.47,0.21,1.44
258.79,7.31,95.47,0.21,1.44
259.04,7.30,95.47,0.21,1.44
259.29,7.28,95.47,0.21,1.44
259.54,7.28,95.47,0.21,1.44
259.79,7.29,95.47,0.21,1.44
260.04,7.29,95.47,0.21,1.44
260.29,7.67,95.47,0.21,1.44
260.54,7.67,95.47,0.21,1.44
260.79,7.62,95.47,0.21,1.44
261.04,7.62,95.47,0.21,1.44
261.29,7.60,95.47,0.21,1.44
261.54,7.60,95.47,0.21,1.44
261.79,7.59,95.47,0.21,1.44
262.04,7.59,95.47,0.21,1.44
262.29,7.58,95.47,0.21,1.44
262.54,7.58,95.47,0.21,1.44
262.79,7.57,95.47,0.21,1.44
263.04,7.56,95.47,0.21,1.44
263.29,7.62,95.47,0.21,1.44
263.55,7.60,95.47,0.21,1.44
263.80,7.60,95.47,0.21,1.44
264.05,7.60,95.47,0.21,1.44
264.30,7.58,95.47,0.21,1.44
264.55,7.57,95.47,0.21,1.44
264.80,7.57,95.47,0.21,1.44
265.05,7.80,95.47,0.21,1.44
265.30,7.77,95.47,0.21,1.44
265.55,7.75,95.47,0.21,1.44
265.80,7.74,95.47,0.21,1.44
266.05,7.73,95.47,0.21,1.44
266.30,7.72,95.47,0.21,1.44
266.55,7.74,95.47,0.21,1.44
266.80,7.73,95.47,0.21,1.44
267.05,7.73,95.47,0.21,1.44
267.30,7.73,95.47,0.21,1.44
267.55,7.72,95.47,0.21,1.44
267.80,7.89,95.47,0.21,1.44
268.05,8.08,95.47,0.21,1.44
268.31,8.12,95.47,0.21,1.44
268.56,8.55,95.47,0.21,1.44
268.81,8.76,95.47,0.21,1.44
269.06,8.76,95.47,0.21,1.44
269.31,8.75,95.47,0.21,1.44
269.56,8.87,95.47,0.21,1.44
269.81,8.86,95.47,0.21,1.44
270.06,8.86,95.47,0.21,1.44
270.31,8.85,95.47,0.21,1.44
270.56,8.85,95.47,0.21,1.44
270.81,9.31,95.47,0.21,1.44
271.06,9.30,95.47,0.21,1.44
271.31,9.28,95.47,0.21,1.44
271.56,9.27,95.47,0.21,1.44
271.81,9.27,95.47,0.21,1.44
272.06,9.27,95.47,0.21,1.44
272.31,9.26,95.47,0.21,1.44
272.56,9.26,95.47,0.21,1.44
272.81,9.26,95.47,0.21,1.44
273.06,9.25,95.47,0.21,1.44
273.31,9.24,95.47,0.21,1.44
273.56,9.24,95.47,0.21,1.44
273.82,9.24,95.47,0.21,1.44
274.07,9.24,95.47,0.21,1.44
274.32,9.23,95.47,0.21,1.44
274.57,9.23,95.47,0.21,1.44
274.82,9.23,95.47,0.21,1.44
275.07,9.23,95.47,0.21,1.44
275.32,9.28,95.47,0.21,1.44
275.57,9.28,95.47,0.21,1.44
275.82,9.27,95.47,0.21,1.44
276.07,9.27,95.47,0.21,1.44
276.32,9.26,95.47,0.21,1.44
276.57,9.26,95.47,0.21,1.44
276.82,9.24,95.47,0.21,1.44
277.07,9.24,95.47,0.21,1.44
277.32,9.22,95.47,0.21,1.44
277.57,9.21,95.47,0.21,1.44
277.82,9.21,95.47,0.21,1.44
278.07,9.21,95.47,0.21,1.44
278.32,9.28,95.47,0.21,1.44
278.57,9.28,95.47,0.21,1.44
278.82,9.28,95.47,0.21,1.44
279.07,9.27,95.47,0.21,1.44
279.32,9.25,95.47,0.21,1.44
279.57,9.25,95.47,0.21,1.44
279.83,9.25,95.47,0.21,1.44
280.08,9.24,95.47,0.21,1.44
280.33,9.22,95.47,0.21,1.44
280.58,9.22,95.47,0.21,1.44
280.83,9.21,95.47,0.21,1.44
281.08,9.21,95.47,0.21,1.44
281.33,9.20,95.47,0.21,1.44
281.58,9.20,95.47,0.21,1.44
281.83,9.25,95.47,0.21,1.44
282.08,9.24,95.47,0.21,1.44
282.33,9.22,95.47,0.21,1.44
282.58,9.21,95.47,0.21,1.44
282.83,9.20,95.47,0.21,1.44
283.08,9.19,95.47,0.21,1.44
283.33,9.19,95.47,0.21,1.44
283.58,9.19,95.47,0.21,1.44
283.83,9.19,95.47,0.21,1.44
284.08,9.18,95.47,0.21,1.44
284.33,9.16,95.47,0.21,1.44
284.58,9.07,95.47,0.21,1.59
284.83,9.07,95.47,0.21,1.59
285.08,9.06,95.47,0.21,1.59
285.33,9.05,95.47,0.21,1.59
285.58,9.04,95.47,0.21,1.59
285.83,9.04,95.47,0.21,1.59
286.09,9.03,95.47,0.21,1.59
286.34,9.03,95.47,0.21,1.59
286.59,9.03,95.47,0.21,1.59
286.84,9.01,95.47,0.21,1.59
287.09,9.01,95.47,0.21,1.59
287.34,9.00,95.47,0.21,1.59
287.59,9.00,95.47,0.21,1.59
287.84,9.00,95.47,0.21,1.59
288.09,9.00,95.47,0.21,1.59
288.34,9.03,95.47,0.21,1.59
288.59,9.03,95.47,0.21,1.59
288.84,9.01,95.47,0.21,1.59
289.09,9.02,95.47,0.21,1.59
289.34,9.00,95.47,0.21,1.59
289.59,8.99,95.47,0.21,1.59
289.84,8.99,95.47,0.21,1.59
290.09,8.98,95.47,0.21,1.59
290.34,9.07,95.47,0.21,1.59
290.59,9.06,95.47,0.21,1.59
290.84,9.05,95.47,0.21,1.59
291.09,9.05,95.47,0.21,1.59
291.34,9.04,95.47,0.21,1.59
291.59,9.04,95.47,0.21,1.59
291.84,9.03,95.47,0.21,1.59
292.10,9.02,95.47,0.21,1.59
292.35,9.00,95.47,0.21,1.59
292.60,8.99,95.47,0.21,1.59
292.85,8.99,95.47,0.21,1.59
293.10,8.98,95.47,0.21,1.59
293.35,8.98,95.47,0.21,1.59
293.60,8.98,95.47,0.21,1.59
293.85,8.97,95.47,0.21,1.59
294.10,8.97,95.47,0.21,1.59
294.35,8.96,95.47,0.21,1.59
294.60,9.01,95.47,0.21,1.59
294.85,9.01,95.47,0.21,1.59
295.10,9.01,95.47,0.21,1.59
295.35,9.00,95.47,0.21,1.59
295.60,8.99,95.47,0.21,1.59
295.85,8.99,95.47,0.21,1.59
296.10,8.98,95.47,0.21,1.59
296.35,8.96,95.47,0.21,1.59
296.60,8.96,95.47,0.21,1.59
296.85,8.95,95.47,0.21,1.59
297.10,8.98,95.47,0.21,1.59
297.35,8.98,95.47,0.21,1.59
297.60,8.97,95.47,0.21,1.59
297.86,8.95,95.47,0.21,1.59
298.11,8.94,95.47,0.21,1.59
298.36,8.92,95.47,0.21,1.59
298.61,8.92,95.47,0.21,1.59
298.86,8.92,95.47,0.21,1.59
299.11,8.91,95.47,0.21,1.59
299.36,8.91,95.47,0.21,1.59
299.61,8.90,95.47,0.21,1.59
299.86,8.88,95.47,0.21,1.59
300.11,8.88,95.47,0.21,1.59
300.36,8.93,95.47,0.21,1.59
300.61,8.93,95.47,0.21,1.59
300.86,8.92,95.47,0.21,1.59
301.11,8.92,95.47,0.21,1.59
301.36,8.90,95.47,0.21,1.59
301.61,8.88,95.47,0.21,1.59
301.86,8.88,95.47,0.21,1.59
302.11,8.88,95.47,0.21,1.59
302.36,8.87,95.47,0.21,1.59
302.61,8.86,95.47,0.21,1.59
302.86,8.86,95.47,0.21,1.59
303.11,8.85,95.47,0.21,1.59
303.36,8.85,95.47,0.21,1.59
303.62,8.84,95.47,0.21,1.59
303.87,8.84,95.47,0.21,1.59
304.12,8.82,95.47,0.21,1.59
304.37,8.80,95.47,0.21,1.59
304.62,8.88,95.47,0.21,1.59
304.87,8.88,95.47,0.21,1.59
305.12,8.86,95.47,0.21,1.59
305.37,8.86,95.47,0.21,1.59
305.62,8.85,95.47,0.21,1.59
305.87,8.85,95.47,0.21,1.59
306.12,8.84,95.47,0.21,1.59
306.37,8.81,95.47,0.21,1.59
306.62,8.87,95.47,0.21,1.59
306.87,8.85,95.47,0.21,1.59
307.12,8.84,95.47,0.21,1.59
307.37,8.83,95.47,0.21,1.59
307.62,8.83,95.47,0.21,1.59
307.87,8.82,95.47,0.21,1.59
308.12,8.81,95.47,0.21,1.59
308.37,8.79,95.47,0.21,1.59
308.62,8.78,95.47,0.21,1.59
308.88,8.83,95.47,0.21,1.59
309.13,8.80,95.47,0.21,1.59
309.38,8.77,95.47,0.21,1.59
309.63,8.76,95.47,0.21,1.59
309.88,8.76,95.47,0.21,1.59
310.13,8.75,95.47,0.21,1.59
310.38,8.73,95.47,0.21,1.59
310.63,8.74,95.47,0.21,1.59
310.88,8.73,95.47,0.21,1.59
311.13,8.79,95.47,0.21,1.59
311.38,8.74,95.47,0.21,1.59
311.63,8.74,95.47,0.21,1.59
311.88,8.74,95.47,0.21,1.59
312.13,8.72,95.47,0.21,1.59
312.38,8.72,95.47,0.21,1.59
312.63,8.71,95.47,0.21,1.59
312.88,8.71,95.47,0.21,1.59
313.13,8.70,95.47,0.21,1.59
313.38,8.76,95.47,0.21,1.59
313.63,8.77,95.47,0.21,1.59
313.88,8.75,95.47,0.21,1.59
314.14,8.75,95.47,0.21,1.59
314.39,8.73,95.47,0.21,1.59
314.64,8.72,95.47,0.21,1.59
314.89,8.71,95.47,0.21,1.59
315.14,8.71,95.47,0.21,1.59
315.39,8.75,95.47,0.21,1.59
315.64,8.74,95.47,0.21,1.59
315.89,8.74,95.47,0.21,1.59
316.14,8.72,95.47,0.21,1.59
316.39,8.71,95.47,0.21,1.59
316.64,8.70,95.47,0.21,1.59
316.89,8.69,95.47,0.21,1.59
317.14,8.69,95.47,0.21,1.59
317.39,8.72,95.47,0.21,1.59
317.64,8.72,95.47,0.21,1.59
317.89,8.71,95.47,0.21,1.59
318.14,8.71,95.47,0.21,1.59
318.39,8.68,95.47,0.21,1.59
318.64,8.68,95.47,0.21,1.59
318.89,8.67,95.47,0.21,1.59
319.14,8.52,95.47,0.21,1.73
319.39,8.53,95.47,0.21,1.73
319.65,8.53,95.47,0.21,1.73
319.90,8.51,95.47,0.21,1.73
320.15,8.50,95.47,0.21,1.73
320.40,8.49,95.47,0.21,1.73
320.65,8.49,95.47,0.21,1.73
320.90,8.49,95.47,0.21,1.73
321.15,8.48,95.47,0.21,1.73
321.40,8.50,95.47,0.21,1.73
321.65,8.49,95.47,0.21,1.73
321.90,8.49,95.47,0.21,1.73
322.15,8.48,95.47,0.21,1.73
322.40,8.47,95.47,0.21,1.73
322.65,8.47,95.47,0.21,1.73
322.90,8.47,95.47,0.21,1.73
323.15,8.46,95.47,0.21,1.73
323.40,8.45,95.47,0.21,1.73
323.65,8.44,95.47,0.21,1.73
323.90,8.44,95.47,0.21,1.73
324.15,8.44,95.47,0.21,1.73
324.40,8.47,95.47,0.21,1.73
324.65,8.47,95.47,0.21,1.73
324.91,8.46,95.47,0.21,1.73
325.16,8.46,95.47,0.21,1.73
325.41,8.44,95.47,0.21,1.73
325.66,8.43,95.47,0.21,1.73
325.91,8.42,95.47,0.21,1.73
326.16,8.42,95.47,0.21,1.73
326.41,8.49,95.47,0.21,1.73
326.66,8.47,95.47,0.21,1.73
326.91,8.47,95.47,0.21,1.73
327.16,8.47,95.47,0.21,1.73
327.41,8.44,95.47,0.21,1.73
327.66,8.42,95.47,0.21,1.73
327.91,8.41,95.47,0.21,1.73
328.16,8.41,95.47,0.21,1.73
328.41,8.39,95.47,0.21,1.73
328.66,8.48,95.47,0.21,1.73
328.91,8.47,95.47,0.21,1.73
329.16,8.46,95.47,0.21,1.73
329.41,8.44,95.47,0.21,1.73
329.66,8.43,95.47,0.21,1.73
329.91,8.42,95.47,0.21,1.73
330.16,8.42,95.47,0.21,1.73
330.42,8.40,95.47,0.21,1.73
330.67,8.39,95.47,0.21,1.73
330.92,8.39,95.47,0.21,1.73
331.17,8.43,95.47,0.21,1.73
331.42,8.39,95.47,0.21,1.73
331.67,8.38,95.47,0.21,1.73
331.92,8.37,95.47,0.21,1.73
332.17,8.37,95.47,0.21,1.73
332.42,8.35,95.47,0.21,1.73
332.67,8.35,95.47,0.21,1.73
332.92,8.34,95.47,0.21,1.73
333.17,8.34,95.47,0.21,1.73
333.42,8.33,95.47,0.21,1.73
333.67,8.33,95.47,0.21,1.73
333.92,8.32,95.47,0.21,1.73
334.17,8.32,95.47,0.21,1.73
334.42,8.39,95.47,0.21,1.73
334.67,8.38,95.47,0.21,1.73
334.92,8.38,95.47,0.21,1.73
335.17,8.37,95.47,0.21,1.73
335.42,8.34,95.47,0.21,1.73
335.67,8.34,95.47,0.21,1.73
335.92,8.33,95.47,0.21,1.73
336.17,8.32,95.47,0.21,1.73
336.42,8.32,95.47,0.21,1.73
336.68,8.31,95.47,0.21,1.73
336.93,8.37,95.47,0.21,1.73
337.18,8.36,95.47,0.21,1.73
337.43,8.33,95.47,0.21,1.73
337.68,8.33,95.47,0.21,1.73
337.93,8.33,95.47,0.21,1.73
338.18,8.31,95.47,0.21,1.73
338.43,8.29,95.47,0.21,1.73
338.68,8.29,95.47,0.21,1.73
338.93,8.29,95.47,0.21,1.73
339.18,8.28,95.47,0.21,1.73
339.43,8.32,95.47,0.21,1.73
339.68,8.32,95.47,0.21,1.73
339.93,8.31,95.47,0.21,1.73
340.18,8.30,95.47,0.21,1.73
340.43,8.28,95.47,0.21,1.73
340.68,8.28,95.47,0.21,1.73
340.93,8.27,95.47,0.21,1.73
341.18,8.27,95.47,0.21,1.73
341.43,8.26,95.47,0.21,1.73
341.68,8.26,95.47,0.21,1.73
341.93,8.31,95.47,0.21,1.73
342.18,8.30,95.47,0.21,1.73
342.44,8.27,95.47,0.21,1.73
342.69,8.27,95.47,0.21,1.73
342.94,8.25,95.47,0.21,1.73
343.19,8.24,95.47,0.21,1.73
343.44,8.23,95.47,0.21,1.73
343.69,8.23,95.47,0.21,1.73
343.94,8.23,95.47,0.21,1.73
344.19,8.28,95.47,0.21,1.73
344.44,8.24,95.47,0.21,1.73
344.69,8.22,95.47,0.21,1.73
344.94,8.22,95.47,0.21,1.73
345.19,8.21,95.47,0.21,1.73
345.44,8.20,95.47,0.21,1.73
345.69,8.19,95.47,0.21,1.73
345.94,8.19,95.47,0.21,1.73
346.19,8.18,95.47,0.21,1.73
346.44,8.24,95.47,0.21,1.73
346.69,8.23,95.47,0.21,1.73
346.94,8.22,95.47,0.21,1.73
347.19,8.22,95.47,0.21,1.73
347.44,8.21,95.47,0.21,1.73
347.69,8.20,95.47,0.21,1.73
347.94,8.20,95.47,0.21,1.73
348.19,8.19,95.47,0.21,1.73
348.44,8.18,95.47,0.21,1.73
348.70,8.21,95.47,0.21,1.73
348.95,8.21,95.47,0.21,1.73
349.20,8.20,95.47,0.21,1.73
349.45,8.16,95.47,0.21,1.73
349.70,8.16,95.47,0.21,1.73
349.95,8.14,95.47,0.21,1.73
350.20,8.14,95.47,0.21,1.73
350.45,8.13,95.47,0.21,1.73
350.70,8.13,95.47,0.21,1.73
350.95,8.12,95.47,0.21,1.73
351.20,8.12,95.47,0.21,1.73
351.45,8.17,95.47,0.21,1.73
351.70,8.17,95.47,0.21,1.73
351.95,8.16,95.47,0.21,1.73
352.20,8.17,95.47,0.21,1.73
352.45,8.14,95.47,0.21,1.73
352.70,8.14,95.47,0.21,1.73
352.95,8.12,95.47,0.21,1.73
353.20,8.12,95.47,0.21,1.73
353.45,8.11,95.47,0.21,1.73
353.70,8.11,95.47,0.21,1.73
353.95,8.16,95.47,0.21,1.73
354.20,8.16,95.47,0.21,1.73
354.45,8.14,95.47,0.21,1.73
354.70,8.14,95.47,0.21,1.73
354.96,8.13,95.47,0.21,1.73
355.21,8.13,95.47,0.21,1.73
355.46,8.10,95.47,0.21,1.73
355.71,8.10,95.47,0.21,1.73
355.96,8.13,95.47,0.21,1.73
356.21,7.95,95.47,0.21,1.87
356.46,7.92,95.47,0.21,1.87
356.71,7.92,95.47,0.21,1.87
356.96,7.92,95.47,0.21,1.87
357.21,7.91,95.47,0.21,1.87
357.46,7.97,95.47,0.21,1.87
357.71,7.96,95.47,0.21,1.87
357.96,7.95,95.47,0.21,1.87
358.21,7.95,95.47,0.21,1.87
358.46,7.92,95.47,0.21,1.87
358.71,7.91,95.47,0.21,1.87
358.96,7.90,95.47,0.21,1.87
359.21,7.90,95.47,0.21,1.87
359.46,7.89,95.47,0.21,1.87
359.71,7.89,95.47,0.21,1.87
359.96,7.94,95.47,0.21,1.87
360.21,7.94,95.47,0.21,1.87
360.46,7.92,95.47,0.21,1.87
360.72,7.91,95.47,0.21,1.87
360.97,7.91,95.47,0.21,1.87
361.22,7.91,95.47,0.21,1.87
361.47,7.89,95.47,0.21,1.87
361.72,7.87,95.47,0.21,1.87
361.97,7.87,95.47,0.21,1.87
362.22,7.87,95.47,0.21,1.87
362.47,7.90,95.47,0.21,1.87
362.72,7.89,95.47,0.21,1.87
362.97,7.89,95.47,0.21,1.87
363.22,7.89,95.47,0.21,1.87
363.47,7.87,95.47,0.21,1.87
363.72,7.86,95.47,0.21,1.87
363.97,7.86,95.47,0.21,1.87
364.22,7.86,95.47,0.21,1.87
364.47,7.89,95.47,0.21,1.87
364.72,7.88,95.47,0.21,1.87
364.97,7.88,95.47,0.21,1.87
365.22,7.87,95.47,0.21,1.87
365.47,7.85,95.47,0.21,1.87
365.72,7.85,95.47,0.21,1.87
365.97,7.82,95.47,0.21,1.89
366.22,7.71,95.47,0.21,2.01
366.47,7.68,95.47,0.21,2.01
366.73,7.68,95.48,0.21,2.01
366.98,7.67,95.48,0.21,2.01
367.23,7.67,95.48,0.21,2.01
367.48,7.65,95.48,0.21,2.01
367.73,7.65,95.48,0.21,2.01
367.98,7.64,95.48,0.21,2.01
368.23,7.64,95.48,0.21,2.01
368.48,7.64,95.48,0.21,2.01
368.73,7.64,95.48,0.21,2.01
368.98,7.62,95.48,0.21,2.01
369.23,7.62,95.48,0.21,2.01
369.48,7.61,95.48,0.21,2.01
369.73,7.67,95.48,0.21,2.01
369.98,7.64,95.48,0.21,2.01
370.23,7.64,95.48,0.21,2.01
370.48,7.61,95.48,0.21,2.01
370.74,7.59,95.48,0.21,2.01
370.99,7.59,95.48,0.21,2.01
371.24,7.58,95.48,0.21,2.01
371.49,7.57,95.48,0.21,2.01
371.74,7.57,95.48,0.21,2.01
371.99,7.56,95.48,0.21,2.01
372.24,7.56,95.48,0.21,2.01
372.49,7.55,95.48,0.21,2.01
372.74,7.63,95.48,0.21,2.01
372.99,7.61,95.48,0.21,2.01
373.24,7.59,95.48,0.21,2.01
373.49,7.58,95.48,0.21,2.01
373.74,7.58,95.48,0.21,2.01
373.99,7.57,95.48,0.21,2.01
374.24,7.57,95.48,0.21,2.01
374.49,7.55,95.48,0.21,2.01
374.75,7.55,95.48,0.21,2.01
375.00,7.55,95.48,0.21,2.01
375.25,7.54,95.48,0.21,2.01
375.50,7.58,95.48,0.21,2.01
375.75,7.57,95.48,0.21,2.01
376.00,7.56,95.48,0.21,2.01
376.25,7.56,95.48,0.21,2.01
376.50,7.54,95.48,0.21,2.01
376.75,7.54,95.48,0.21,2.01
377.00,7.53,95.48,0.21,2.01
377.25,7.52,95.48,0.21,2.01
377.50,7.52,95.48,0.21,2.01
377.75,7.52,95.48,0.21,2.01
378.00,7.51,95.48,0.21,2.01
378.25,7.51,95.48,0.21,2.01
378.50,7.55,95.48,0.21,2.01
378.75,7.55,95.48,0.21,2.01
379.01,7.54,95.48,0.21,2.01
379.26,7.54,95.48,0.21,2.01
379.51,7.53,95.48,0.21,2.01
379.76,7.52,95.48,0.21,2.01
380.01,7.52,95.48,0.21,2.01
380.26,7.51,95.48,0.21,2.01
380.51,7.49,95.48,0.21,2.01
380.76,7.49,95.48,0.21,2.01
381.01,7.49,95.48,0.21,2.01
381.26,7.49,95.48,0.21,2.01
381.51,7.48,95.48,0.21,2.01
381.76,7.47,95.48,0.21,2.01
382.01,7.47,95.48,0.21,2.01
382.26,7.47,95.48,0.21,2.01
382.51,7.49,95.48,0.21,2.01
382.76,7.48,95.48,0.21,2.01
383.01,7.47,95.48,0.21,2.01
383.27,7.47,95.48,0.21,2.01
383.52,7.46,95.48,0.21,2.01
383.77,7.46,95.48,0.21,2.01
384.02,7.45,95.48,0.21,2.01
384.27,7.45,95.48,0.21,2.01
384.52,7.44,95.48,0.21,2.01
384.77,7.43,95.48,0.21,2.01
385.02,7.43,95.48,0.21,2.01
385.27,7.41,95.48,0.21,2.01
385.52,7.42,95.48,0.21,2.01
385.77,7.41,95.48,0.21,2.01
386.02,7.41,95.48,0.21,2.01
386.27,7.40,95.48,0.21,2.01
386.52,7.39,95.48,0.21,2.01
386.77,7.38,95.48,0.21,2.01
387.02,7.37,95.48,0.21,2.01
387.28,7.37,95.48,0.21,2.01
387.53,7.37,95.48,0.21,2.01
387.78,7.37,95.48,0.21,2.01
388.03,7.36,95.48,0.21,2.01
388.28,7.36,95.48,0.21,2.01
388.53,7.35,95.48,0.21,2.01
388.78,7.34,95.48,0.21,2.01
389.03,7.43,95.48,0.21,2.01
389.28,7.41,95.48,0.21,2.01
389.53,7.39,95.48,0.21,2.01
389.78,7.39,95.48,0.21,2.01
390.03,7.37,95.48,0.21,2.01
390.28,7.37,95.48,0.21,2.01
390.53,7.35,95.48,0.21,2.01
390.78,7.35,95.48,0.21,2.01
391.03,7.35,95.48,0.21,2.01
391.28,7.34,95.48,0.21,2.01
391.54,7.38,95.48,0.21,2.01
391.79,7.38,95.48,0.21,2.01
392.04,7.37,95.48,0.21,2.01
392.29,7.37,95.48,0.21,2.01
392.54,7.36,95.48,0.21,2.01
392.79,7.36,95.48,0.21,2.01
393.04,7.35,95.48,0.21,2.01
393.29,7.35,95.48,0.21,2.01
393.54,7.37,95.48,0.21,2.01
393.79,7.36,95.48,0.21,2.01
394.04,7.36,95.48,0.21,2.01
394.29,7.36,95.48,0.21,2.01
394.54,7.33,95.48,0.21,2.01
394.79,7.33,95.48,0.21,2.01
395.04,7.32,95.48,0.21,2.01
395.29,7.31,95.48,0.21,2.01
395.54,7.34,95.48,0.21,2.01
395.80,7.33,95.48,0.21,2.01
396.05,7.33,95.48,0.21,2.01
396.30,7.32,95.48,0.21,2.01
396.55,7.30,95.48,0.21,2.01
396.80,7.29,95.48,0.21,2.01
397.05,7.28,95.48,0.21,2.01
397.30,7.28,95.48,0.21,2.01
397.55,7.27,95.48,0.21,2.01
397.80,7.27,95.48,0.21,2.01
398.05,7.27,95.48,0.21,2.01
398.30,7.26,95.48,0.21,2.01
398.55,7.42,95.48,0.21,2.01
398.80,7.40,95.48,0.21,2.01
399.05,7.40,95.48,0.21,2.01
399.30,7.40,95.48,0.21,2.01
399.55,7.38,95.48,0.21,2.01
399.81,7.38,95.48,0.21,2.01
400.06,7.37,95.48,0.21,2.01
400.31,7.37,95.48,0.21,2.01
400.56,7.36,95.48,0.21,2.01
400.81,7.36,95.49,0.21,2.01
401.06,7.35,95.49,0.21,2.01
401.31,7.35,95.49,0.21,2.01
401.56,7.34,95.49,0.21,2.01
401.81,7.34,95.49,0.21,2.01
402.06,7.34,95.49,0.21,2.01
402.31,7.34,95.49,0.21,2.01
402.56,7.33,95.49,0.21,2.01
402.81,7.32,95.49,0.21,2.01
403.06,7.32,95.49,0.21,2.01
403.31,7.31,95.49,0.21,2.01
403.56,7.31,95.49,0.21,2.01
403.81,7.31,95.49,0.21,2.01
404.07,7.30,95.49,0.21,2.01
404.32,7.36,95.49,0.21,2.01
404.57,7.33,95.49,0.21,2.01
404.82,7.33,95.49,0.21,2.01
405.07,7.31,95.49,0.21,2.01
405.32,7.31,95.49,0.21,2.01
405.57,7.29,95.49,0.21,2.01
405.82,7.29,95.49,0.21,2.01
406.07,7.28,95.49,0.21,2.01
406.32,7.28,95.49,0.21,2.01
406.57,7.27,95.49,0.21,2.01
406.82,7.26,95.49,0.21,2.01
407.07,7.26,95.49,0.21,2.01
407.32,7.26,95.49,0.21,2.01
407.57,7.30,95.49,0.21,2.01
407.82,7.30,95.49,0.21,2.01
408.07,7.30,95.49,0.21,2.01
408.33,7.29,95.49,0.21,2.01
408.58,7.28,95.49,0.21,2.01
408.83,7.27,95.49,0.21,2.01
409.08,7.27,95.49,0.21,2.01
409.33,7.26,95.49,0.21,2.01
409.58,7.24,95.49,0.21,2.01
409.83,7.24,95.49,0.21,2.01
410.08,7.23,95.49,0.21,2.01
410.33,7.28,95.49,0.21,2.01
410.58,7.26,95.49,0.21,2.01
410.83,7.26,95.49,0.21,2.01
411.08,7.25,95.49,0.21,2.01
411.33,7.25,95.49,0.21,2.01
411.58,7.24,95.49,0.21,2.01
411.83,7.23,95.49,0.21,2.01
412.08,7.23,95.49,0.21,2.01
412.33,7.22,95.49,0.21,2.01
412.59,7.23,95.49,0.21,2.01
412.84,7.23,95.49,0.21,2.01
413.09,7.21,95.49,0.21,2.01
413.34,7.21,95.49,0.21,2.01
413.59,7.21,95.49,0.21,2.01
413.84,7.20,95.49,0.21,2.01
414.09,7.20,95.49,0.21,2.01
414.34,7.20,95.49,0.21,2.01
414.59,7.18,95.49,0.21,2.01
414.84,7.23,95.49,0.21,2.01
415.09,7.23,95.49,0.21,2.01
415.34,7.22,95.49,0.21,2.01
415.59,7.19,95.49,0.21,2.01
415.84,7.19,95.49,0.21,2.01
416.09,7.19,95.49,0.21,2.01
416.34,7.18,95.49,0.21,2.01
416.59,7.17,95.49,0.21,2.01
416.84,7.17,95.49,0.21,2.01
417.10,7.16,95.49,0.21,2.01
417.35,7.16,95.49,0.21,2.01
417.60,7.17,95.49,0.21,2.01
417.85,7.17,95.49,0.21,2.01
418.10,7.16,95.49,0.21,2.01
418.35,7.15,95.49,0.21,2.01
418.60,7.14,95.49,0.21,2.01
418.85,7.14,95.49,0.21,2.01
419.10,7.14,95.49,0.21,2.01
419.35,7.13,95.49,0.21,2.01
419.60,7.11,95.49,0.21,2.01
419.85,7.11,95.49,0.21,2.01
420.10,7.14,95.49,0.21,2.01
420.35,7.13,95.49,0.21,2.01
420.60,7.10,95.49,0.21,2.01
420.85,7.10,95.49,0.21,2.01
421.10,7.10,95.49,0.21,2.01
421.35,7.10,95.49,0.21,2.01
421.61,7.08,95.49,0.21,2.01
421.86,7.08,95.49,0.21,2.01
422.11,7.07,95.49,0.21,2.01
422.36,7.07,95.49,0.21,2.01
422.61,7.04,95.49,0.21,2.01
422.86,7.04,95.49,0.21,2.01
423.11,7.03,95.49,0.21,2.01
423.36,7.03,95.49,0.21,2.01
423.61,7.03,95.49,0.21,2.01
423.86,7.04,95.49,0.21,2.01
424.11,7.04,95.49,0.21,2.01
424.36,7.03,95.49,0.21,2.01
424.61,7.02,95.49,0.21,2.01
424.86,7.02,95.49,0.21,2.01
425.11,7.02,95.49,0.21,2.01
425.36,7.01,95.49,0.21,2.01
425.61,7.01,95.49,0.21,2.01
425.86,7.00,95.49,0.21,2.01
426.12,7.00,95.49,0.21,2.01
426.37,6.99,95.49,0.21,2.01
426.62,7.04,95.49,0.21,2.01
426.87,7.04,95.49,0.21,2.01
427.12,7.03,95.49,0.21,2.01
427.37,7.03,95.49,0.21,2.01
427.62,7.02,95.49,0.21,2.01
427.87,7.01,95.49,0.21,2.01
428.12,7.01,95.49,0.21,2.01
428.37,7.00,95.49,0.21,2.01
428.62,6.99,95.49,0.21,2.01
428.87,6.99,95.49,0.21,2.01
429.12,6.99,95.49,0.21,2.01
429.37,7.04,95.49,0.21,2.01
429.62,7.03,95.49,0.21,2.01
429.87,7.02,95.49,0.21,2.01
430.13,7.02,95.49,0.21,2.01
430.38,7.01,95.49,0.21,2.01
430.63,7.00,95.49,0.21,2.01
430.88,7.00,95.49,0.21,2.01
431.13,6.99,95.49,0.21,2.01
431.38,6.98,95.49,0.21,2.01
431.63,6.98,95.49,0.21,2.01
431.88,6.97,95.49,0.21,2.01
432.13,7.02,95.49,0.21,2.01
432.38,6.97,95.49,0.21,2.01
432.63,6.96,95.49,0.21,2.01
432.88,6.96,95.49,0.21,2.01
433.13,6.96,95.49,0.21,2.01
433.38,6.95,95.49,0.21,2.01
433.63,6.94,95.49,0.21,2.01
433.88,6.94,95.49,0.21,2.01
434.14,6.94,95.49,0.21,2.01
434.39,6.93,95.49,0.21,2.01
434.64,7.05,95.49,0.21,2.01
434.89,7.02,95.49,0.21,2.01
435.14,7.02,95.49,0.21,2.01
435.39,7.01,95.49,0.21,2.01
435.64,7.00,95.49,0.21,2.01
435.89,6.99,95.49,0.21,2.01
436.14,6.98,95.49,0.21,2.01
436.39,6.98,95.49,0.21,2.01
436.64,6.97,95.49,0.21,2.01
436.89,6.97,95.49,0.21,2.01
437.14,6.97,95.49,0.21,2.01
437.39,6.99,95.49,0.21,2.01
437.64,6.98,95.49,0.21,2.01
437.89,6.96,95.49,0.21,2.01
438.14,6.96,95.49,0.21,2.01
438.40,6.93,95.49,0.21,2.01
438.65,6.93,95.49,0.21,2.01
438.90,6.92,95.49,0.21,2.01
439.15,6.92,95.49,0.21,2.01
439.40,6.91,95.49,0.21,2.01
439.65,6.91,95.49,0.21,2.01
439.90,6.91,95.49,0.21,2.01
440.15,6.90,95.49,0.21,2.01
440.40,6.94,95.49,0.21,2.01
440.65,6.93,95.49,0.21,2.01
440.90,6.93,95.49,0.21,2.01
441.15,6.92,95.49,0.21,2.01
441.40,6.90,95.49,0.21,2.01
441.65,6.90,95.49,0.21,2.01
441.90,6.89,95.49,0.21,2.01
442.15,6.88,95.49,0.21,2.01
442.40,6.87,95.49,0.21,2.01
442.66,6.87,95.49,0.21,2.01
442.91,6.94,95.49,0.21,2.01
443.16,6.94,95.49,0.21,2.01
443.41,6.88,95.49,0.21,2.01
443.66,6.87,95.49,0.21,2.01
443.91,6.93,95.49,0.21,2.01
444.16,6.91,95.49,0.21,2.01
444.41,6.89,95.49,0.21,2.01
444.66,6.88,95.49,0.21,2.01
444.91,6.90,95.49,0.21,2.01
445.16,6.89,95.49,0.21,2.01
445.41,6.86,95.49,0.21,2.01
445.66,6.85,95.49,0.21,2.01
445.91,6.84,95.49,0.21,2.01
446.16,6.83,95.49,0.21,2.01
446.41,6.82,95.49,0.21,2.01
446.66,6.82,95.49,0.21,2.01
446.92,6.82,95.49,0.21,2.01
447.17,6.81,95.49,0.21,2.01
447.42,6.85,95.49,0.21,2.01
447.67,6.84,95.49,0.21,2.01
447.92,6.84,95.49,0.21,2.01
448.17,6.82,95.49,0.21,2.01
448.42,6.81,95.49,0.21,2.01
448.67,6.81,95.49,0.21,2.01
448.92,6.81,95.49,0.21,2.01
449.17,6.81,95.49,0.21,2.01
449.42,6.80,95.49,0.21,2.01
449.67,6.80,95.49,0.21,2.01
449.92,6.80,95.49,0.21,2.01
450.17,6.80,95.49,0.21,2.01
450.42,7.57,95.49,0.21,1.18
450.67,7.57,95.49,0.21,1.18
450.92,7.43,95.49,0.21,1.32
451.17,7.53,95.49,0.21,1.32
451.42,7.50,95.49,0.21,1.32
451.68,7.50,95.49,0.21,1.32
451.93,7.48,95.49,0.21,1.32
452.18,7.48,95.49,0.21,1.32
452.43,7.44,95.49,0.21,1.32
452.68,7.43,95.49,0.21,1.32
452.93,7.43,95.49,0.21,1.32
453.18,7.42,95.49,0.21,1.32
453.43,7.42,95.49,0.21,1.32
453.68,7.42,95.49,0.21,1.32
453.93,7.42,95.49,0.21,1.32
454.18,7.42,95.49,0.21,1.32
454.43,7.40,95.49,0.21,1.32
454.68,7.40,95.49,0.21,1.32
454.93,7.40,95.49,0.21,1.32
455.18,7.48,95.49,0.21,1.32
455.43,7.46,95.49,0.21,1.32
455.68,7.45,95.49,0.21,1.32
455.93,7.43,95.49,0.21,1.32
456.18,7.43,95.49,0.21,1.32
456.43,7.41,95.49,0.21,1.32
456.68,7.41,95.49,0.21,1.32
456.93,7.40,95.49,0.21,1.32
457.18,7.40,95.49,0.21,1.32
457.43,7.38,95.49,0.21,1.32
457.68,7.44,95.49,0.21,1.32
457.94,7.41,95.49,0.21,1.32
458.19,7.41,95.49,0.21,1.32
458.44,7.40,95.49,0.21,1.32
458.69,7.40,95.49,0.21,1.32
458.94,7.38,95.49,0.21,1.32
459.19,7.38,95.49,0.21,1.32
459.44,7.36,95.49,0.21,1.32
459.69,7.36,95.49,0.21,1.32
459.94,7.42,95.49,0.21,1.32
460.19,7.38,95.49,0.21,1.32
460.44,7.34,95.49,0.21,1.32
460.69,7.34,95.49,0.21,1.32
460.94,7.34,95.49,0.21,1.32
461.19,7.34,95.49,0.21,1.32
461.44,7.59,95.49,0.21,1.32
461.69,7.59,95.49,0.21,1.32
461.94,7.58,95.49,0.21,1.32
462.19,7.58,95.49,0.21,1.32
462.44,7.56,95.49,0.21,1.32
462.69,7.55,95.49,0.21,1.32
462.94,7.55,95.49,0.21,1.32
463.19,7.54,95.49,0.21,1.32
463.44,7.54,95.49,0.21,1.32
463.70,7.53,95.49,0.21,1.32
463.95,7.52,95.49,0.21,1.32
464.20,7.52,95.49,0.21,1.32
464.45,7.51,95.49,0.21,1.32
464.70,7.51,95.49,0.21,1.32
464.95,7.50,95.49,0.21,1.32
465.20,7.50,95.49,0.21,1.32
465.45,7.48,95.49,0.21,1.32
465.70,7.49,95.48,0.21,1.32
465.95,7.50,95.47,0.21,1.32
466.20,7.50,95.47,0.21,1.32
466.45,7.53,95.47,0.21,1.32
466.70,7.52,95.47,0.21,1.32
466.95,7.51,95.47,0.21,1.32
467.20,7.51,95.47,0.21,1.32
467.45,7.48,95.47,0.21,1.32
467.70,7.46,95.47,0.21,1.32
467.95,7.46,95.47,0.21,1.32
468.20,7.45,95.47,0.21,1.32
468.45,7.45,95.47,0.21,1.32
468.70,7.44,95.47,0.21,1.32
468.95,7.52,95.47,0.21,1.32
469.20,7.51,95.47,0.21,1.32
469.46,7.49,95.47,0.21,1.32
469.71,7.49,95.47,0.21,1.32
469.96,7.48,95.47,0.21,1.32
470.21,7.47,95.47,0.21,1.32
470.46,7.46,95.47,0.21,1.32
470.71,7.46,95.47,0.21,1.32
470.96,7.46,95.47,0.21,1.32
471.21,7.44,95.47,0.21,1.32
471.46,7.44,95.47,0.21,1.32
471.71,7.43,95.47,0.21,1.32
471.96,7.43,95.47,0.21,1.32
472.21,7.43,95.47,0.21,1.32
472.46,7.43,95.47,0.21,1.32
472.71,7.43,95.47,0.21,1.32
472.96,7.43,95.47,0.21,1.32
473.21,7.41,95.47,0.21,1.32
473.46,7.40,95.47,0.21,1.32
473.71,7.40,95.47,0.21,1.32
473.96,7.39,95.47,0.21,1.32
474.21,7.38,95.47,0.21,1.32
474.46,7.44,95.47,0.21,1.32
474.71,7.44,95.47,0.21,1.32
474.96,7.43,95.47,0.21,1.32
475.21,7.43,95.47,0.21,1.32
475.46,7.40,95.47,0.21,1.32
475.71,7.40,95.47,0.21,1.32
475.97,7.39,95.47,0.21,1.32
476.22,7.39,95.47,0.21,1.32
476.47,7.38,95.47,0.21,1.32
476.72,7.43,95.47,0.21,1.32
476.97,7.42,95.47,0.21,1.32
477.22,7.41,95.47,0.21,1.32
477.47,7.39,95.47,0.21,1.32
477.72,7.38,95.47,0.21,1.32
477.97,7.37,95.47,0.21,1.32
478.22,7.37,95.47,0.21,1.32
478.47,7.35,95.47,0.21,1.32
478.72,7.39,95.47,0.21,1.32
478.97,7.37,95.47,0.21,1.32
479.22,7.36,95.47,0.21,1.32
479.47,7.35,95.47,0.21,1.32
479.72,7.34,95.47,0.21,1.32
479.97,7.34,95.47,0.21,1.32
480.22,7.33,95.47,0.21,1.32
480.47,7.31,95.47,0.21,1.32
480.72,7.36,95.47,0.21,1.32
480.97,7.35,95.47,0.21,1.32
481.22,7.34,95.47,0.21,1.32
481.47,7.30,95.47,0.21,1.32
481.73,7.29,95.47,0.21,1.32
481.98,7.30,95.47,0.21,1.32
482.23,7.29,95.47,0.21,1.32
482.48,7.66,95.47,0.21,1.32
482.73,7.66,95.47,0.21,1.32
482.98,7.64,95.47,0.21,1.32
483.23,7.63,95.47,0.21,1.32
483.48,7.61,95.47,0.21,1.32
483.73,7.61,95.47,0.21,1.32
483.98,7.61,95.47,0.21,1.32
484.23,7.60,95.47,0.21,1.32
484.48,7.59,95.47,0.21,1.32
484.73,7.59,95.47,0.21,1.32
484.98,7.59,95.47,0.21,1.32
485.23,7.59,95.47,0.21,1.32
485.48,7.56,95.47,0.21,1.32
485.73,7.63,95.47,0.21,1.32
485.98,7.61,95.47,0.21,1.32
486.23,7.60,95.47,0.21,1.32
486.48,7.58,95.47,0.21,1.32
486.73,7.56,95.47,0.21,1.32
486.98,7.55,95.47,0.21,1.32
487.23,7.55,95.47,0.21,1.32
487.49,7.54,95.47,0.21,1.32
487.74,7.85,95.47,0.21,1.32
487.99,7.85,95.47,0.21,1.32
488.24,7.83,95.47,0.21,1.32
488.49,7.82,95.47,0.21,1.32
488.74,7.81,95.47,0.21,1.32
488.99,7.80,95.47,0.21,1.32
489.24,7.79,95.47,0.21,1.32
489.49,7.79,95.47,0.21,1.32
489.74,7.79,95.47,0.21,1.32
489.99,7.79,95.47,0.21,1.32
490.24,7.78,95.47,0.21,1.32
490.49,7.76,95.47,0.21,1.32
490.74,7.76,95.47,0.21,1.32
490.99,7.76,95.47,0.21,1.32
491.24,7.75,95.47,0.21,1.32
491.49,7.75,95.47,0.21,1.32
491.74,7.74,95.47,0.21,1.32
491.99,7.80,95.47,0.21,1.32
492.24,7.80,95.47,0.21,1.32
492.49,7.76,95.47,0.21,1.32
492.74,7.76,95.47,0.21,1.32
492.99,7.75,95.47,0.21,1.32
493.24,7.74,95.47,0.21,1.32
493.50,7.72,95.47,0.21,1.32
493.75,7.72,95.47,0.21,1.32
494.00,7.76,95.47,0.21,1.32
494.25,7.76,95.47,0.21,1.32
494.50,7.74,95.47,0.21,1.32
494.75,7.73,95.47,0.21,1.32
495.00,7.71,95.47,0.21,1.32
495.25,7.71,95.47,0.21,1.32
495.50,7.69,95.47,0.21,1.32
495.75,7.69,95.47,0.21,1.32
496.00,7.69,95.47,0.21,1.32
496.25,7.68,95.47,0.21,1.32
496.50,7.68,95.47,0.21,1.32
496.75,7.67,95.47,0.21,1.32
497.00,7.66,95.47,0.21,1.32
497.25,7.66,95.47,0.21,1.32
497.50,7.65,95.47,0.21,1.32
497.75,7.64,95.47,0.21,1.32
498.00,7.64,95.47,0.21,1.32
498.25,7.63,95.47,0.21,1.32
498.50,7.62,95.47,0.21,1.32
498.75,7.62,95.47,0.21,1.32
499.01,7.62,95.47,0.21,1.32
499.26,7.62,95.47,0.21,1.32
499.51,7.67,95.47,0.21,1.32
499.76,7.67,95.47,0.21,1.32
500.01,7.65,95.47,0.21,1.32
500.26,7.65,95.47,0.21,1.32
500.51,7.63,95.47,0.21,1.32
500.76,7.63,95.47,0.21,1.32
501.01,7.62,95.47,0.21,1.32
501.26,7.62,95.47,0.21,1.32
501.51,7.68,95.47,0.21,1.32
501.76,7.66,95.47,0.21,1.32
502.01,7.65,95.47,0.21,1.32
502.26,7.64,95.47,0.21,1.32
502.51,7.63,95.47,0.21,1.32
502.76,7.63,95.47,0.21,1.32
503.01,7.62,95.47,0.21,1.32
503.26,7.64,95.47,0.21,1.46
503.51,7.61,95.47,0.21,1.46
503.76,7.61,95.47,0.21,1.46
504.01,7.60,95.47,0.21,1.46
504.26,7.60,95.47,0.21,1.46
504.52,7.59,95.47,0.21,1.46
504.77,7.59,95.47,0.21,1.46
505.02,7.57,95.47,0.21,1.46
505.27,7.56,95.47,0.21,1.46
505.52,7.58,95.47,0.21,1.46
505.77,7.58,95.47,0.21,1.46
506.02,7.57,95.47,0.21,1.46
506.27,7.57,95.47,0.21,1.46
506.52,7.57,95.47,0.21,1.46
506.77,7.57,95.47,0.21,1.46
507.02,7.56,95.47,0.21,1.46
507.27,7.56,95.47,0.21,1.46
507.52,7.56,95.47,0.21,1.46
507.77,7.56,95.47,0.21,1.46
508.02,7.56,95.47,0.21,1.46
508.27,7.55,95.47,0.21,1.46
508.52,7.67,95.47,0.21,1.46
508.77,7.66,95.47,0.21,1.46
509.02,7.65,95.47,0.21,1.46
509.27,7.65,95.47,0.21,1.46
509.52,7.64,95.47,0.21,1.46
509.77,7.64,95.47,0.21,1.46
510.03,7.63,95.47,0.21,1.46
510.28,7.79,95.47,0.21,1.46
510.53,7.77,95.47,0.21,1.46
510.78,7.89,95.47,0.21,1.46
511.03,8.52,95.47,0.21,1.46
511.28,8.56,95.47,0.21,1.46
511.53,8.55,95.47,0.21,1.46
511.78,8.55,95.47,0.21,1.46
512.03,8.56,95.47,0.21,1.46
512.28,8.55,95.47,0.21,1.46
512.53,8.55,95.47,0.21,1.46
512.78,8.54,95.47,0.21,1.46
513.03,8.54,95.47,0.21,1.46
513.28,8.53,95.47,0.21,1.46
513.53,8.52,95.47,0.21,1.46
513.78,8.53,95.47,0.21,1.46
514.03,8.53,95.47,0.21,1.46
514.28,8.52,95.47,0.21,1.46
514.53,8.52,95.47,0.21,1.46
514.78,8.54,95.47,0.21,1.46
515.03,8.53,95.47,0.21,1.46
515.28,8.53,95.47,0.21,1.46
515.54,8.53,95.47,0.21,1.46
515.79,8.55,95.47,0.21,1.46
516.04,8.55,95.47,0.21,1.46
516.29,8.55,95.47,0.21,1.46
516.54,9.26,95.47,0.21,1.46
516.79,9.25,95.47,0.21,1.46
517.04,9.24,95.47,0.21,1.46
517.29,9.24,95.47,0.21,1.46
517.54,9.23,95.47,0.21,1.46
517.79,9.22,95.47,0.21,1.46
518.04,9.21,95.47,0.21,1.46
518.29,9.21,95.47,0.21,1.46
518.54,9.20,95.47,0.21,1.46
518.79,9.20,95.47,0.21,1.46
519.04,9.20,95.47,0.21,1.46
519.29,9.20,95.47,0.21,1.46
519.54,9.18,95.47,0.21,1.46
519.79,9.18,95.47,0.21,1.46
520.04,9.18,95.47,0.21,1.46
520.29,9.17,95.47,0.21,1.46
520.54,9.16,95.47,0.21,1.46
520.80,9.15,95.47,0.21,1.46
521.05,9.15,95.47,0.21,1.46
521.30,9.27,95.47,0.21,1.46
521.55,9.25,95.47,0.21,1.46
521.80,9.24,95.47,0.21,1.46
522.05,9.24,95.47,0.21,1.46
522.30,9.23,95.47,0.21,1.46
522.55,9.23,95.47,0.21,1.46
522.80,9.22,95.47,0.21,1.46
523.05,9.21,95.47,0.21,1.46
523.30,9.21,95.47,0.21,1.46
523.55,9.20,95.47,0.21,1.46
523.80,9.20,95.47,0.21,1.46
524.05,9.20,95.47,0.21,1.46
524.30,9.19,95.47,0.21,1.46
524.55,9.18,95.47,0.21,1.46
524.80,9.17,95.47,0.21,1.46
525.05,9.28,95.47,0.21,1.46
525.30,9.27,95.47,0.21,1.46
525.55,9.24,95.47,0.21,1.46
525.80,9.24,95.47,0.21,1.46
526.05,9.24,95.47,0.21,1.46
526.30,9.24,95.47,0.21,1.46
526.55,9.22,95.47,0.21,1.46
526.81,9.21,95.47,0.21,1.46
527.06,9.21,95.47,0.21,1.46
527.31,9.21,95.47,0.21,1.46
527.56,9.20,95.47,0.21,1.46
527.81,9.20,95.47,0.21,1.46
528.06,9.19,95.47,0.21,1.46
528.31,9.19,95.47,0.21,1.46
528.56,9.18,95.47,0.21,1.46
528.81,9.18,95.47,0.21,1.46
529.06,9.18,95.47,0.21,1.46
529.31,9.18,95.47,0.21,1.46
529.56,9.17,95.47,0.21,1.46
529.81,9.17,95.47,0.21,1.46
530.06,9.16,95.47,0.21,1.46
530.31,9.15,95.47,0.21,1.46
530.56,9.20,95.47,0.21,1.46
530.81,9.20,95.47,0.21,1.46
531.06,9.20,95.47,0.21,1.46
531.31,9.19,95.47,0.21,1.46
531.56,9.18,95.47,0.21,1.46
531.81,9.18,95.47,0.21,1.46
532.06,9.17,95.47,0.21,1.46
532.31,9.17,95.47,0.21,1.46
532.56,9.15,95.47,0.21,1.46
532.82,9.15,95.47,0.21,1.46
533.07,9.19,95.47,0.21,1.46
533.32,9.18,95.47,0.21,1.46
533.57,9.14,95.47,0.21,1.46
533.82,9.13,95.47,0.21,1.46
534.07,9.13,95.47,0.21,1.46
534.32,9.12,95.47,0.21,1.46
534.57,9.10,95.47,0.21,1.46
534.82,9.10,95.47,0.21,1.46
535.07,9.10,95.47,0.21,1.46
535.32,9.08,95.47,0.21,1.46
535.57,9.06,95.47,0.21,1.46
535.82,9.06,95.47,0.21,1.46
536.07,9.06,95.47,0.21,1.46
536.32,9.13,95.47,0.21,1.46
536.57,8.95,95.47,0.21,1.60
536.82,8.95,95.47,0.21,1.60
537.07,8.94,95.47,0.21,1.60
537.32,8.94,95.47,0.21,1.60
537.57,8.95,95.47,0.21,1.60
537.82,8.94,95.47,0.21,1.60
538.07,8.94,95.47,0.21,1.60
538.32,8.93,95.47,0.21,1.60
538.58,8.92,95.47,0.21,1.60
538.83,8.91,95.47,0.21,1.60
539.08,8.91,95.47,0.21,1.60
539.33,8.91,95.47,0.21,1.60
539.58,8.90,95.47,0.21,1.60
539.83,8.93,95.47,0.21,1.60
540.08,8.93,95.47,0.21,1.60
540.33,8.91,95.47,0.21,1.60
540.58,8.89,95.47,0.21,1.60
540.83,8.89,95.47,0.21,1.60
541.08,8.89,95.47,0.21,1.60
541.33,8.88,95.47,0.21,1.60
541.58,8.85,95.47,0.21,1.60
541.83,8.85,95.47,0.21,1.60
542.08,8.85,95.47,0.21,1.60
542.33,8.84,95.47,0.21,1.60
542.58,8.92,95.47,0.21,1.60
542.83,8.91,95.47,0.21,1.60
543.08,8.91,95.47,0.21,1.60
543.33,8.90,95.47,0.21,1.60
543.58,8.89,95.47,0.21,1.60
543.83,8.88,95.47,0.21,1.60
544.08,8.87,95.47,0.21,1.60
544.34,8.87,95.47,0.21,1.60
544.59,8.86,95.47,0.21,1.60
544.84,8.84,95.47,0.21,1.60
545.09,8.84,95.47,0.21,1.60
545.34,8.84,95.47,0.21,1.60
545.59,8.81,95.47,0.21,1.60
545.84,8.81,95.47,0.21,1.60
546.09,8.79,95.47,0.21,1.60
546.34,8.79,95.47,0.21,1.60
546.59,8.75,95.47,0.21,1.60
546.84,8.75,95.47,0.21,1.60
547.09,8.76,95.47,0.21,1.60
547.34,8.75,95.47,0.21,1.60
547.59,8.81,95.47,0.21,1.60
547.84,8.79,95.47,0.21,1.60
548.09,8.79,95.47,0.21,1.60
548.34,8.78,95.47,0.21,1.60
548.59,8.76,95.47,0.21,1.60
548.84,8.76,95.47,0.21,1.60
549.09,8.76,95.47,0.21,1.60
549.34,8.76,95.47,0.21,1.60
549.59,8.75,95.47,0.21,1.60
549.85,8.75,95.47,0.21,1.60
550.10,8.88,95.47,0.21,1.60
550.35,8.87,95.47,0.21,1.60
550.60,8.85,95.47,0.21,1.60
550.85,8.84,95.47,0.21,1.60
551.10,8.84,95.47,0.21,1.60
551.35,8.84,95.47,0.21,1.60
551.60,8.82,95.47,0.21,1.60
551.85,8.82,95.47,0.21,1.60
552.10,8.82,95.47,0.21,1.60
552.35,8.81,95.47,0.21,1.60
552.60,8.83,95.47,0.21,1.60
552.85,8.83,95.47,0.21,1.60
553.10,8.81,95.47,0.21,1.60
553.35,8.81,95.47,0.21,1.60
553.60,8.79,95.47,0.21,1.60
553.85,8.79,95.47,0.21,1.60
554.10,8.78,95.47,0.21,1.60
554.35,8.78,95.47,0.21,1.60
554.60,8.80,95.47,0.21,1.60
554.85,8.79,95.47,0.21,1.60
555.10,8.78,95.47,0.21,1.60
555.35,8.78,95.47,0.21,1.60
555.61,8.76,95.47,0.21,1.60
555.86,8.75,95.47,0.21,1.60
556.11,8.75,95.47,0.21,1.60
556.36,8.73,95.47,0.21,1.60
556.61,8.73,95.47,0.21,1.60
556.86,8.72,95.47,0.21,1.60
557.11,8.72,95.47,0.21,1.60
557.36,8.72,95.47,0.21,1.60
557.61,8.76,95.47,0.21,1.60
557.86,8.75,95.47,0.21,1.60
558.11,8.75,95.47,0.21,1.60
558.36,8.75,95.47,0.21,1.60
558.61,8.73,95.47,0.21,1.60
558.86,8.73,95.47,0.21,1.60
559.11,8.73,95.47,0.21,1.60
559.36,8.73,95.47,0.21,1.60
559.61,8.71,95.47,0.21,1.60
559.86,8.71,95.47,0.21,1.60
560.11,8.70,95.47,0.21,1.60
560.36,8.76,95.47,0.21,1.60
560.61,8.73,95.47,0.21,1.60
560.86,8.73,95.47,0.21,1.60
561.11,8.72,95.47,0.21,1.60
561.37,8.72,95.47,0.21,1.60
561.62,8.70,95.47,0.21,1.60
561.87,8.70,95.47,0.21,1.60
562.12,8.68,95.47,0.21,1.60
562.37,8.68,95.47,0.21,1.60
562.62,8.66,95.47,0.21,1.60
562.87,8.73,95.47,0.21,1.60
563.12,8.70,95.47,0.21,1.60
563.37,8.69,95.47,0.21,1.60
563.62,8.68,95.47,0.21,1.60
563.87,8.67,95.47,0.21,1.60
564.12,8.67,95.47,0.21,1.60
564.37,8.66,95.47,0.21,1.60
564.62,8.64,95.47,0.21,1.60
564.87,8.63,95.47,0.21,1.60
565.12,8.61,95.47,0.21,1.60
565.37,8.62,95.47,0.21,1.60
565.62,8.67,95.47,0.21,1.60
565.87,8.65,95.47,0.21,1.60
566.12,8.65,95.47,0.21,1.60
566.37,8.65,95.47,0.21,1.60
566.62,8.62,95.47,0.21,1.60
566.88,8.62,95.47,0.21,1.60
567.13,8.62,95.47,0.21,1.60
567.38,8.62,95.47,0.21,1.60
567.63,8.59,95.47,0.21,1.60
567.88,8.59,95.47,0.21,1.60
568.13,8.66,95.47,0.21,1.60
568.38,8.66,95.47,0.21,1.60
568.63,8.63,95.47,0.21,1.60
568.88,8.63,95.47,0.21,1.60
569.13,8.62,95.47,0.21,1.60
569.38,8.62,95.47,0.21,1.60
569.63,8.58,95.47,0.21,1.60
569.88,8.59,95.47,0.21,1.60
570.13,8.58,95.47,0.21,1.60
570.38,8.63,95.47,0.21,1.60
570.63,8.59,95.47,0.21,1.60
570.88,8.58,95.47,0.21,1.60
571.13,8.42,95.47,0.21,1.75
571.38,8.41,95.47,0.21,1.75
571.63,8.32,95.47,0.21,1.89
571.88,8.30,95.47,0.21,1.89
572.13,8.30,95.47,0.21,1.89
572.39,8.30,95.47,0.21,1.89
572.64,8.27,95.47,0.21,1.89
572.89,8.27,95.47,0.21,1.89
573.14,8.26,95.47,0.21,1.89
573.39,8.26,95.47,0.21,1.89
573.64,8.26,95.47,0.21,1.89
573.89,8.26,95.47,0.21,1.89
574.14,8.24,95.47,0.21,1.89
574.39,8.24,95.47,0.21,1.89
574.64,8.23,95.47,0.21,1.89
574.89,8.23,95.47,0.21,1.89
575.14,8.23,95.47,0.21,1.89
575.39,8.23,95.47,0.21,1.89
575.64,8.22,95.47,0.21,1.89
575.89,8.21,95.47,0.21,1.89
576.14,8.21,95.47,0.21,1.89
576.39,8.20,95.47,0.21,1.89
576.64,8.19,95.47,0.21,1.89
576.89,8.19,95.47,0.21,1.89
577.14,8.19,95.47,0.21,1.89
577.39,8.18,95.47,0.21,1.89
577.65,8.18,95.47,0.21,1.89
577.90,8.18,95.47,0.21,1.89
578.15,8.18,95.47,0.21,1.89
578.40,8.17,95.47,0.21,1.89
578.65,8.17,95.47,0.21,1.89
578.90,8.17,95.47,0.21,1.89
579.15,8.17,95.47,0.21,1.89
579.40,8.17,95.47,0.21,1.89
579.65,8.16,95.47,0.21,1.89
579.90,8.15,95.47,0.21,1.89
580.15,8.15,95.47,0.21,1.89
580.40,8.15,95.47,0.21,1.89
580.65,8.20,95.47,0.21,1.89
580.90,8.19,95.47,0.21,1.89
581.15,8.18,95.47,0.21,1.89
581.40,8.18,95.47,0.21,1.89
581.65,8.15,95.47,0.21,1.89
581.90,8.15,95.47,0.21,1.89
582.15,8.15,95.47,0.21,1.89
582.40,8.15,95.47,0.21,1.89
582.65,8.13,95.47,0.21,1.89
582.90,8.13,95.47,0.21,1.89
583.15,8.13,95.47,0.21,1.89
583.40,8.14,95.47,0.21,1.89
583.66,8.13,95.47,0.21,1.89
583.91,8.13,95.47,0.21,1.89
584.16,8.12,95.47,0.21,1.89
584.41,8.12,95.47,0.21,1.89
584.66,8.12,95.47,0.21,1.89
584.91,8.11,95.47,0.21,1.89
585.16,8.11,95.47,0.21,1.89
585.41,8.11,95.47,0.21,1.89
585.66,8.10,95.47,0.21,1.89
585.91,8.09,95.47,0.21,1.89
586.16,8.09,95.47,0.21,1.89
586.41,8.09,95.47,0.21,1.89
586.66,8.07,95.47,0.21,1.89
586.91,8.07,95.47,0.21,1.89
587.16,8.07,95.47,0.21,1.89
587.41,8.07,95.47,0.21,1.89
587.66,8.06,95.47,0.21,1.89
587.91,8.06,95.47,0.21,1.89
588.16,8.06,95.47,0.21,1.89
588.41,8.06,95.47,0.21,1.89
588.66,8.05,95.47,0.21,1.89
588.91,8.05,95.47,0.21,1.89
589.16,8.05,95.47,0.21,1.89
589.41,8.04,95.47,0.21,1.89
589.67,8.04,95.47,0.21,1.89
589.92,8.04,95.47,0.21,1.89
590.17,8.04,95.47,0.21,1.89
590.42,8.03,95.47,0.21,1.89
590.67,8.02,95.47,0.21,1.89
590.92,8.02,95.47,0.21,1.89
591.17,8.02,95.47,0.21,1.89
591.42,8.02,95.47,0.21,1.89
591.67,8.01,95.47,0.21,1.89
591.92,8.01,95.47,0.21,1.89
592.17,8.00,95.47,0.21,1.89
592.42,8.00,95.47,0.21,1.89
592.67,8.00,95.47,0.21,1.89
592.92,7.99,95.47,0.21,1.89
593.17,7.99,95.47,0.21,1.89
593.42,7.99,95.47,0.21,1.89
593.67,7.99,95.47,0.21,1.89
593.92,7.98,95.47,0.21,1.89
594.17,7.97,95.47,0.21,1.89
594.42,7.97,95.47,0.21,1.89
594.67,7.96,95.47,0.21,1.89
594.92,7.96,95.47,0.21,1.89
595.18,7.96,95.47,0.21,1.89
595.43,7.96,95.47,0.21,1.89
595.68,7.96,95.47,0.21,1.89
595.93,7.95,95.47,0.21,1.89
596.18,7.95,95.47,0.21,1.89
596.43,7.95,95.47,0.21,1.89
596.68,8.03,95.47,0.21,1.89
596.93,8.03,95.47,0.21,1.89
597.18,8.02,95.47,0.21,1.89
597.43,8.02,95.47,0.21,1.89
597.68,8.00,95.47,0.21,1.89
597.93,7.99,95.47,0.21,1.89
598.18,7.99,95.47,0.21,1.89
598.43,7.98,95.47,0.21,1.89
598.68,7.96,95.47,0.21,1.89
598.93,7.96,95.47,0.21,1.89
599.18,7.95,95.47,0.21,1.89
599.43,7.95,95.47,0.21,1.89
599.68,7.94,95.47,0.21,1.89
599.93,7.94,95.47,0.21,1.89
600.18,7.94,95.47,0.21,1.89
600.43,7.93,95.47,0.21,1.89
600.68,7.97,95.47,0.21,1.89
600.93,7.96,95.47,0.21,1.89
601.19,7.96,95.47,0.21,1.89
601.44,7.95,95.47,0.21,1.89
601.69,7.94,95.47,0.21,1.89
601.94,7.94,95.47,0.21,1.89
602.19,7.94,95.47,0.21,1.89
602.44,7.93,95.47,0.21,1.89
602.69,7.92,95.47,0.21,1.89
602.94,7.91,95.47,0.21,1.89
603.19,7.90,95.47,0.21,1.89
603.44,7.89,95.47,0.21,1.89
603.69,7.89,95.47,0.21,1.89
603.94,7.88,95.47,0.21,1.89
604.19,7.89,95.47,0.21,1.89
604.44,7.89,95.47,0.21,1.89
604.69,7.87,95.47,0.21,1.89
604.94,7.86,95.47,0.21,1.89
605.19,7.86,95.47,0.21,1.89
605.44,7.86,95.47,0.21,1.89
605.69,7.86,95.47,0.21,1.89
605.94,7.85,95.47,0.21,1.89
606.19,7.85,95.47,0.21,1.89
606.44,7.85,95.47,0.21,1.89
606.69,7.83,95.47,0.21,1.89
606.95,7.83,95.47,0.21,1.89
607.20,7.83,95.47,0.21,1.89
607.45,7.82,95.47,0.21,1.89
607.70,7.82,95.47,0.21,1.89
607.95,7.82,95.47,0.21,1.89
608.20,7.81,95.47,0.21,1.89
608.45,7.81,95.47,0.21,1.89
608.70,7.80,95.47,0.21,1.89
608.95,7.80,95.47,0.21,1.89
609.20,7.80,95.47,0.21,1.89
609.45,7.80,95.47,0.21,1.89
609.70,7.80,95.47,0.21,1.89
609.95,7.79,95.47,0.21,1.89
610.20,7.79,95.47,0.21,1.89
610.45,7.79,95.47,0.21,1.89
610.70,7.78,95.47,0.21,1.89
610.95,7.78,95.47,0.21,1.89
611.20,7.63,95.47,0.21,2.03
611.45,7.63,95.47,0.21,2.03
611.70,7.60,95.47,0.21,2.03
611.95,7.60,95.47,0.21,2.03
612.20,7.59,95.47,0.21,2.03
612.45,7.59,95.47,0.21,2.03
612.70,7.59,95.47,0.21,2.03
612.96,7.58,95.47,0.21,2.03
613.21,7.58,95.47,0.21,2.03
613.46,7.57,95.47,0.21,2.03
613.71,7.57,95.47,0.21,2.03
613.96,7.57,95.47,0.21,2.03
614.21,7.57,95.47,0.21,2.03
614.46,7.56,95.47,0.21,2.03
614.71,7.56,95.47,0.21,2.03
614.96,7.56,95.47,0.21,2.03
615.21,7.55,95.47,0.21,2.03
615.46,7.55,95.47,0.21,2.03
615.71,7.57,95.47,0.21,2.03
615.96,7.57,95.47,0.21,2.03
616.21,7.55,95.47,0.21,2.03
616.46,7.55,95.47,0.21,2.03
616.71,7.54,95.47,0.21,2.03
616.96,7.54,95.47,0.21,2.03
617.21,7.54,95.47,0.21,2.03
617.46,7.54,95.47,0.21,2.03
617.71,7.53,95.47,0.21,2.03
617.96,7.53,95.47,0.21,2.03
618.21,7.52,95.47,0.21,2.03
618.46,7.52,95.47,0.21,2.03
618.72,7.51,95.47,0.21,2.03
618.97,7.51,95.47,0.21,2.03
619.22,7.50,95.47,0.21,2.03
619.47,7.50,95.47,0.21,2.03
619.72,7.49,95.47,0.21,2.03
619.97,7.48,95.47,0.21,2.03
620.22,7.48,95.47,0.21,2.03
620.47,7.48,95.47,0.21,2.03
620.72,7.48,95.47,0.21,2.03
620.97,7.48,95.47,0.21,2.03
621.22,7.47,95.47,0.21,2.03
621.47,7.47,95.47,0.21,2.03
621.72,7.47,95.47,0.21,2.03
621.97,7.46,95.47,0.21,2.03
622.22,7.57,95.47,0.21,2.03
622.47,7.57,95.47,0.21,2.03
622.72,7.55,95.47,0.21,2.03
622.97,7.54,95.47,0.21,2.03
623.22,7.53,95.47,0.21,2.03
623.47,7.52,95.47,0.21,2.03
623.72,7.50,95.47,0.21,2.03
623.97,7.50,95.47,0.21,2.03
624.22,7.50,95.47,0.21,2.03
624.47,7.50,95.47,0.21,2.03
624.73,7.49,95.47,0.21,2.03
624.98,7.49,95.47,0.21,2.03
625.23,7.48,95.47,0.21,2.03
625.48,7.48,95.47,0.21,2.03
625.73,7.47,95.47,0.21,2.03
625.98,7.47,95.47,0.21,2.03
626.23,7.45,95.47,0.21,2.03
626.48,7.44,95.47,0.21,2.03
626.73,7.44,95.47,0.21,2.03
626.98,7.43,95.47,0.21,2.03
627.23,7.43,95.47,0.21,2.03
627.48,7.43,95.47,0.21,2.03
627.73,7.43,95.47,0.21,2.03
627.98,7.42,95.47,0.21,2.03
628.23,7.42,95.47,0.21,2.03
628.48,7.42,95.47,0.21,2.03
628.73,7.41,95.47,0.21,2.03
628.98,7.41,95.47,0.21,2.03
629.23,7.41,95.47,0.21,2.03
629.48,7.41,95.47,0.21,2.03
629.73,7.37,95.47,0.21,2.03
629.98,7.46,95.47,0.21,2.03
630.23,7.45,95.47,0.21,2.03
630.49,7.42,95.47,0.21,2.03
630.74,7.42,95.47,0.21,2.03
630.99,7.41,95.47,0.21,2.03
631.24,7.41,95.47,0.21,2.03
631.49,7.41,95.47,0.21,2.03
631.74,7.40,95.47,0.21,2.03
631.99,7.39,95.47,0.21,2.03
632.24,7.39,95.47,0.21,2.03
632.49,7.39,95.47,0.21,2.03
632.74,7.38,95.47,0.21,2.03
632.99,7.38,95.47,0.21,2.03
633.24,7.38,95.47,0.21,2.03
633.49,7.37,95.47,0.21,2.03
633.74,7.48,95.47,0.21,2.03
633.99,7.48,95.47,0.21,2.03
634.24,7.47,95.47,0.21,2.03
634.49,7.46,95.47,0.21,2.03
634.74,7.44,95.47,0.21,2.03
634.99,7.44,95.47,0.21,2.03
635.24,7.43,95.47,0.21,2.03
635.49,7.43,95.47,0.21,2.03
635.74,7.42,95.47,0.21,2.03
635.99,7.41,95.47,0.21,2.03
636.25,7.41,95.47,0.21,2.03
636.50,7.40,95.47,0.21,2.03
636.75,7.39,95.47,0.21,2.03
637.00,7.39,95.47,0.21,2.03
637.25,7.38,95.47,0.21,2.03
637.50,7.45,95.47,0.21,2.03
637.75,7.41,95.47,0.21,2.03
638.00,7.40,95.47,0.21,2.03
638.25,7.39,95.47,0.21,2.03
638.50,7.39,95.47,0.21,2.03
638.75,7.37,95.47,0.21,2.03
639.00,7.37,95.47,0.21,2.03
639.25,7.36,95.47,0.21,2.03
639.50,7.36,95.47,0.21,2.03
639.75,7.34,95.47,0.21,2.03
640.00,7.33,95.47,0.21,2.03
640.25,7.33,95.47,0.21,2.03
640.50,7.33,95.47,0.21,2.03
640.75,7.32,95.47,0.21,2.03
641.00,7.32,95.47,0.21,2.03
641.25,7.31,95.47,0.21,2.03
641.50,7.31,95.47,0.21,2.03
641.75,7.30,95.47,0.21,2.03
642.00,7.30,95.47,0.21,2.03
642.26,7.39,95.47,0.21,2.03
642.51,7.38,95.47,0.21,2.03
642.76,7.33,95.47,0.21,2.03
643.01,7.33,95.47,0.21,2.03
643.26,7.33,95.47,0.21,2.03
643.51,7.32,95.47,0.21,2.03
643.76,7.31,95.47,0.21,2.03
644.01,7.31,95.47,0.21,2.03
644.26,7.31,95.47,0.21,2.03
644.51,7.31,95.47,0.21,2.03
644.76,7.30,95.47,0.21,2.03
645.01,7.29,95.47,0.21,2.03
645.26,7.29,95.47,0.21,2.03
645.51,7.28,95.47,0.21,2.03
645.76,7.29,95.47,0.21,2.03
646.01,7.28,95.47,0.21,2.03
646.26,7.28,95.47,0.21,2.03
646.51,7.27,95.47,0.21,2.03
646.76,7.45,95.47,0.21,2.03
647.01,7.44,95.47,0.21,2.03
647.26,7.42,95.47,0.21,2.03
647.52,7.42,95.47,0.21,2.03
647.77,7.41,95.47,0.21,2.03
648.02,7.41,95.47,0.21,2.03
648.27,7.40,95.47,0.21,2.03
648.52,7.40,95.47,0.21,2.03
648.77,7.38,95.47,0.21,2.03
649.02,7.37,95.47,0.21,2.03
649.27,7.37,95.47,0.21,2.03
649.52,7.37,95.47,0.21,2.03
649.77,7.36,95.47,0.21,2.03
650.02,7.36,95.47,0.21,2.03
650.27,7.35,95.47,0.21,2.03
650.52,7.34,95.47,0.21,2.03
650.77,7.33,95.47,0.21,2.03
651.02,7.33,95.47,0.21,2.03
651.27,7.39,95.47,0.21,2.03
651.52,7.39,95.47,0.21,2.03
651.77,7.36,95.47,0.21,2.03
652.02,7.36,95.47,0.21,2.03
652.27,7.35,95.47,0.21,2.03
652.52,7.35,95.47,0.21,2.03
652.77,7.33,95.47,0.21,2.03
653.02,7.30,95.47,0.21,2.05
653.28,7.12,95.47,0.21,2.16
653.53,7.11,95.47,0.21,2.16
653.78,7.16,95.47,0.21,2.16
654.03,7.16,95.47,0.21,2.16
654.28,7.15,95.47,0.21,2.16
654.53,7.15,95.47,0.21,2.16
654.78,7.14,95.47,0.21,2.16
655.03,7.14,95.47,0.21,2.16
655.28,7.13,95.47,0.21,2.16
655.53,7.13,95.47,0.21,2.16
655.78,7.12,95.47,0.21,2.16
656.03,7.12,95.47,0.21,2.16
656.28,7.11,95.47,0.21,2.16
656.53,7.11,95.47,0.21,2.16
656.78,7.19,95.47,0.21,2.16
657.03,7.18,95.47,0.21,2.16
657.28,7.18,95.47,0.21,2.16
657.53,7.18,95.47,0.21,2.16
657.78,7.16,95.47,0.21,2.16
658.03,7.16,95.47,0.21,2.16
658.28,7.14,95.47,0.21,2.16
658.53,7.14,95.47,0.21,2.16
658.78,7.12,95.47,0.21,2.16
659.03,7.12,95.47,0.21,2.16
659.28,7.11,95.47,0.21,2.16
659.54,7.11,95.47,0.21,2.16
659.79,7.12,95.47,0.21,2.16
660.04,7.11,95.47,0.21,2.16
660.29,7.10,95.47,0.21,2.16
660.54,7.10,95.47,0.21,2.16
660.79,7.09,95.47,0.21,2.16
661.04,7.09,95.47,0.21,2.16
661.29,7.09,95.47,0.21,2.16
661.54,7.07,95.47,0.21,2.16
661.79,7.05,95.47,0.21,2.16
662.04,7.05,95.47,0.21,2.16
662.29,7.05,95.47,0.21,2.16
662.54,7.12,95.47,0.21,2.16
662.79,7.08,95.47,0.21,2.16
663.04,7.08,95.47,0.21,2.16
663.29,7.07,95.47,0.21,2.16
663.54,7.07,95.47,0.21,2.16
663.79,7.06,95.47,0.21,2.16
664.04,7.06,95.47,0.21,2.16
664.29,7.04,95.47,0.21,2.16
664.54,7.04,95.47,0.21,2.16
664.79,7.03,95.47,0.21,2.16
665.04,7.02,95.47,0.21,2.16
665.29,7.07,95.47,0.21,2.16
665.54,7.06,95.47,0.21,2.16
665.80,7.04,95.47,0.21,2.16
666.05,7.03,95.47,0.21,2.16
666.30,7.03,95.47,0.21,2.16
666.55,7.02,95.47,0.21,2.16
666.80,7.00,95.47,0.21,2.16
667.05,7.00,95.47,0.21,2.16
667.30,7.06,95.47,0.21,2.16
667.55,7.04,95.47,0.21,2.16
667.80,7.02,95.47,0.21,2.16
668.05,7.01,95.47,0.21,2.16
668.30,7.01,95.47,0.21,2.16
668.55,7.01,95.47,0.21,2.16
668.80,6.97,95.47,0.21,2.16
669.05,6.97,95.47,0.21,2.16
669.30,6.97,95.47,0.21,2.16
669.55,6.96,95.47,0.21,2.16
669.80,7.02,95.47,0.21,2.16
670.05,7.00,95.47,0.21,2.16
670.30,6.99,95.47,0.21,2.16
670.55,6.98,95.47,0.21,2.16
670.80,6.97,95.47,0.21,2.16
671.05,6.96,95.47,0.21,2.16
671.30,6.96,95.47,0.21,2.16
671.55,6.96,95.47,0.21,2.16
671.81,6.94,95.47,0.21,2.16
672.06,6.99,95.47,0.21,2.16
672.31,6.99,95.47,0.21,2.16
672.56,6.98,95.47,0.21,2.16
672.81,6.96,95.47,0.21,2.16
673.06,6.96,95.47,0.21,2.16
673.31,6.95,95.47,0.21,2.16
673.56,6.95,95.47,0.21,2.16
673.81,6.94,95.47,0.21,2.16
674.06,6.93,95.47,0.21,2.16
674.31,6.93,95.47,0.21,2.16
674.56,6.93,95.47,0.21,2.16
674.81,6.91,95.47,0.21,2.16
675.06,6.91,95.47,0.21,2.16
675.31,6.90,95.47,0.21,2.16
675.56,6.90,95.47,0.21,2.16
675.81,6.94,95.47,0.21,2.16
676.06,6.93,95.47,0.21,2.16
676.31,6.93,95.47,0.21,2.16
676.56,6.92,95.47,0.21,2.16
676.81,6.91,95.47,0.21,2.16
677.06,6.90,95.47,0.21,2.16
677.31,6.89,95.47,0.21,2.16
677.56,6.89,95.47,0.21,2.16
677.82,6.90,95.47,0.21,2.16
678.07,6.90,95.47,0.21,2.16
678.32,6.90,95.47,0.21,2.16
678.57,6.89,95.47,0.21,2.16
678.82,6.86,95.47,0.21,2.16
679.07,6.85,95.47,0.21,2.16
679.32,6.85,95.47,0.21,2.16
679.57,6.85,95.47,0.21,2.16
679.82,6.83,95.47,0.21,2.16
680.07,6.82,95.47,0.21,2.16
680.32,6.88,95.47,0.21,2.16
680.57,6.88,95.47,0.21,2.16
680.82,6.86,95.47,0.21,2.16
681.07,6.85,95.47,0.21,2.16
681.32,6.85,95.47,0.21,2.16
681.57,6.84,95.47,0.21,2.16
681.82,6.83,95.47,0.21,2.16
682.07,6.82,95.47,0.21,2.16
682.32,6.82,95.47,0.21,2.16
682.57,6.81,95.47,0.21,2.16
682.82,6.84,95.47,0.21,2.16
683.07,6.84,95.47,0.21,2.16
683.32,6.81,95.47,0.21,2.16
683.57,6.81,95.47,0.21,2.16
683.82,6.80,95.47,0.21,2.16
684.08,6.80,95.47,0.21,2.16
684.33,6.78,95.47,0.21,2.16
684.58,6.78,95.47,0.21,2.16
684.83,6.78,95.47,0.21,2.16
685.08,6.77,95.47,0.21,2.16
685.33,6.84,95.47,0.21,2.16
685.58,6.83,95.47,0.21,2.16
685.83,6.82,95.47,0.21,2.16
686.08,6.82,95.47,0.21,2.16
686.33,6.82,95.47,0.21,2.16
686.58,6.80,95.47,0.21,2.16
686.83,6.78,95.47,0.21,2.16
687.08,6.77,95.47,0.21,2.16
687.33,6.77,95.47,0.21,2.16
687.58,6.76,95.47,0.21,2.16
687.83,6.74,95.47,0.21,2.16
688.08,6.80,95.47,0.21,2.16
688.33,6.80,95.47,0.21,2.16
688.58,6.80,95.47,0.21,2.16
688.83,6.77,95.47,0.21,2.16
689.08,6.77,95.47,0.21,2.16
689.33,6.76,95.47,0.21,2.16
689.58,6.74,95.47,0.21,2.16
689.83,6.71,95.47,0.21,2.16
690.09,6.74,95.47,0.21,2.16
690.34,6.74,95.47,0.21,2.16
690.59,6.73,95.47,0.21,2.16
690.84,6.72,95.47,0.21,2.16
691.09,6.72,95.47,0.21,2.16
691.34,6.71,95.47,0.21,2.16
691.59,6.71,95.47,0.21,2.16
691.84,6.76,95.47,0.21,2.16
692.09,6.76,95.47,0.21,2.16
692.34,6.75,95.47,0.21,2.16
692.59,6.75,95.47,0.21,2.16
692.84,6.73,95.47,0.21,2.16
693.09,6.73,95.47,0.21,2.16
693.34,6.72,95.47,0.21,2.16
693.59,6.71,95.47,0.21,2.16
693.84,6.70,95.47,0.21,2.16
694.09,6.70,95.47,0.21,2.16
694.34,6.70,95.47,0.21,2.16
694.59,6.70,95.47,0.21,2.16
694.84,6.74,95.47,0.21,2.16
695.09,6.73,95.47,0.21,2.16
695.34,6.73,95.47,0.21,2.16
695.59,6.72,95.47,0.21,2.16
695.84,6.70,95.47,0.21,2.16
696.09,6.70,95.47,0.21,2.16
696.34,6.70,95.47,0.21,2.16
696.60,6.69,95.47,0.21,2.16
696.85,6.69,95.47,0.21,2.16
697.10,6.68,95.47,0.21,2.16
697.35,6.67,95.47,0.21,2.16
697.60,6.67,95.47,0.21,2.16
697.85,6.68,95.47,0.21,2.16
698.10,6.66,95.47,0.21,2.16
698.35,6.66,95.47,0.21,2.16
698.60,6.66,95.47,0.21,2.16
698.85,6.64,95.47,0.21,2.16
699.10,6.64,95.47,0.21,2.16
699.35,6.63,95.47,0.21,2.16
699.60,6.22,95.47,0.21,2.23
699.86,6.16,95.47,0.21,2.25
700.11,6.16,95.47,0.21,2.25
700.36,6.14,95.47,0.21,2.25
700.61,6.14,95.47,0.21,2.25
700.86,6.55,95.47,0.21,2.25
701.11,6.54,95.47,0.21,2.25
701.36,6.54,95.47,0.21,2.25
701.61,6.56,95.47,0.21,2.25
701.86,6.53,95.47,0.21,2.25
702.11,6.53,95.47,0.21,2.25
702.36,6.52,95.47,0.21,2.25
702.61,6.52,95.47,0.21,2.25
702.86,6.51,95.47,0.21,2.25
703.11,6.50,95.47,0.21,2.25
703.37,6.49,95.47,0.21,2.25
703.62,6.49,95.47,0.21,2.25
703.87,6.52,95.47,0.21,2.25
704.12,6.51,95.47,0.21,2.25
704.37,6.51,95.47,0.21,2.25
704.62,6.51,95.47,0.21,2.25
704.87,6.48,95.47,0.21,2.25
705.12,6.48,95.47,0.21,2.25
705.37,6.47,95.47,0.21,2.25
705.62,6.46,95.47,0.21,2.25
705.87,6.44,95.47,0.21,2.25
706.12,6.44,95.47,0.21,2.25
706.37,6.44,95.47,0.21,2.25
706.62,6.50,95.47,0.21,2.25
706.87,6.48,95.47,0.21,2.25
707.12,6.48,95.47,0.21,2.25
707.37,6.47,95.47,0.21,2.25
707.62,6.47,95.47,0.21,2.25
707.87,6.45,95.47,0.21,2.25
708.12,6.45,95.47,0.21,2.25
708.37,6.46,95.47,0.21,2.25
708.62,6.46,95.47,0.21,2.25
708.87,6.43,95.47,0.21,2.25
709.12,6.42,95.47,0.21,2.25
709.37,6.42,95.47,0.21,2.25
709.62,6.42,95.47,0.21,2.25
709.88,6.41,95.47,0.21,2.25
710.13,6.40,95.47,0.21,2.25
710.38,6.39,95.47,0.21,2.25
710.63,6.39,95.47,0.21,2.25
710.88,6.40,95.47,0.21,2.25
711.13,6.40,95.47,0.21,2.25
711.38,6.40,95.47,0.21,2.25
711.63,6.40,95.47,0.21,2.25
711.88,6.38,95.47,0.21,2.25
712.13,6.37,95.47,0.21,2.25
712.38,6.37,95.47,0.21,2.25
712.63,6.37,95.47,0.21,2.25
712.88,6.36,95.47,0.21,2.25
713.13,6.35,95.47,0.21,2.25
713.38,6.35,95.47,0.21,2.25
713.63,6.34,95.47,0.21,2.25
713.88,6.39,95.47,0.21,2.25
714.13,6.38,95.47,0.21,2.25
714.38,6.36,95.47,0.21,2.25
714.63,6.39,95.47,0.21,2.25
714.88,6.36,95.47,0.21,2.25
715.13,6.36,95.47,0.21,2.25
715.39,6.36,95.47,0.21,2.25
715.64,6.34,95.47,0.21,2.25
715.89,6.56,95.47,0.21,2.25
716.14,6.56,95.47,0.21,2.25
716.39,6.52,95.47,0.21,2.25
716.64,6.52,95.47,0.21,2.25
716.89,6.50,95.47,0.21,2.25
717.14,6.50,95.47,0.21,2.25
717.39,6.49,95.47,0.21,2.25
717.64,6.49,95.47,0.21,2.25
717.89,6.48,95.47,0.21,2.25
718.14,6.47,95.47,0.21,2.25
718.39,6.47,95.47,0.21,2.25
718.64,6.46,95.47,0.21,2.25
718.89,6.46,95.47,0.21,2.25
719.14,6.46,95.47,0.21,2.25
719.39,6.46,95.47,0.21,2.25
719.64,6.45,95.47,0.21,2.25
719.89,6.44,95.47,0.21,2.25
720.14,6.43,95.47,0.21,2.25
720.39,6.52,95.47,0.21,2.25
720.64,6.51,95.47,0.21,2.25
720.89,6.49,95.47,0.21,2.25
721.14,6.48,95.47,0.21,2.25
721.40,6.48,95.47,0.21,2.25
721.65,6.47,95.47,0.21,2.25
721.90,6.44,95.47,0.21,2.25
722.15,6.44,95.47,0.21,2.25
722.40,6.44,95.47,0.21,2.25
722.65,6.43,95.47,0.21,2.25
722.90,6.46,95.47,0.21,2.25
723.15,6.46,95.47,0.21,2.25
723.40,6.45,95.47,0.21,2.25
723.65,6.44,95.47,0.21,2.25
723.90,6.43,95.47,0.21,2.25
724.15,6.42,95.47,0.21,2.25
724.40,6.42,95.47,0.21,2.25
724.65,6.41,95.47,0.21,2.25
724.90,6.40,95.47,0.21,2.25
725.15,6.40,95.47,0.21,2.25
725.40,6.45,95.47,0.21,2.25
725.65,6.44,95.47,0.21,2.25
725.90,6.40,95.47,0.21,2.25
726.15,6.40,95.47,0.21,2.25
726.40,6.40,95.47,0.21,2.25
726.65,6.40,95.47,0.21,2.25
726.90,6.38,95.47,0.21,2.25
727.15,6.38,95.47,0.21,2.25
727.41,6.37,95.47,0.21,2.25
727.66,6.37,95.47,0.21,2.25
727.91,6.42,95.47,0.21,2.25
728.16,6.41,95.47,0.21,2.25
728.41,6.41,95.47,0.21,2.25
728.66,6.41,95.47,0.21,2.25
728.91,6.39,95.47,0.21,2.25
729.16,6.39,95.47,0.21,2.25
729.41,6.38,95.47,0.21,2.25
729.66,6.38,95.47,0.21,2.25
729.91,6.39,95.47,0.21,2.25
730.16,6.38,95.47,0.21,2.25
730.41,6.37,95.47,0.21,2.25
730.66,6.37,95.47,0.21,2.25
730.91,6.35,95.47,0.21,2.25
731.16,6.35,95.47,0.21,2.25
731.41,6.34,95.47,0.21,2.25
731.66,6.34,95.47,0.21,2.25
731.91,6.35,95.47,0.21,2.25
732.16,6.34,95.47,0.21,2.25
732.41,6.33,95.47,0.21,2.25
732.66,6.32,95.47,0.21,2.25
732.91,6.31,95.47,0.21,2.25
733.16,6.30,95.47,0.21,2.25
733.42,6.30,95.47,0.21,2.25
733.67,6.29,95.47,0.21,2.25
733.92,6.28,95.47,0.21,2.25
734.17,6.28,95.47,0.21,2.25
734.42,6.35,95.47,0.21,2.25
734.67,6.32,95.47,0.21,2.25
734.92,6.29,95.47,0.21,2.25
735.17,6.29,95.47,0.21,2.25
735.42,6.28,95.47,0.21,2.25
735.67,6.28,95.47,0.21,2.25
735.92,6.26,95.47,0.21,2.25
736.17,6.26,95.47,0.21,2.25
736.42,6.26,95.47,0.21,2.25
736.67,6.25,95.47,0.21,2.25
736.92,6.27,95.47,0.21,2.25
737.17,6.27,95.47,0.21,2.25
737.42,6.26,95.47,0.21,2.25
737.67,6.26,95.47,0.21,2.25
737.92,6.24,95.47,0.21,2.25
738.17,6.23,95.47,0.21,2.25
738.42,6.23,95.47,0.21,2.25
738.67,6.23,95.47,0.21,2.25
738.92,6.27,95.47,0.21,2.25
739.17,6.26,95.47,0.21,2.25
739.43,6.26,95.47,0.21,2.25
739.68,6.26,95.47,0.21,2.25
739.93,6.24,95.47,0.21,2.25
740.18,6.24,95.47,0.21,2.25
740.43,6.24,95.47,0.21,2.25
740.68,6.23,95.47,0.21,2.25
740.93,6.25,95.47,0.21,2.25
741.18,6.25,95.47,0.21,2.25
741.43,6.23,95.47,0.21,2.25
741.68,6.23,95.47,0.21,2.25
741.93,6.21,95.47,0.21,2.25
742.18,6.21,95.47,0.21,2.25
742.43,6.20,95.47,0.21,2.25
742.68,6.20,95.47,0.21,2.25
742.93,6.19,95.47,0.21,2.25
743.18,6.23,95.47,0.21,2.25
743.43,6.22,95.47,0.21,2.25
743.68,6.21,95.47,0.21,2.25
743.93,6.18,95.47,0.21,2.25
744.18,6.18,95.47,0.21,2.25
744.43,6.17,95.47,0.21,2.25
744.68,6.17,95.47,0.21,2.25
744.93,6.16,95.47,0.21,2.25
745.18,6.15,95.47,0.21,2.25
745.44,6.14,95.47,0.21,2.25
745.69,6.14,95.47,0.21,2.25
745.94,6.18,95.47,0.21,2.25
746.19,6.18,95.47,0.21,2.25
746.44,6.17,95.47,0.21,2.25
746.69,6.16,95.47,0.21,2.25
746.94,6.12,95.47,0.21,2.25
747.19,6.11,95.47,0.21,2.25
747.44,6.11,95.47,0.21,2.25
747.69,6.10,95.47,0.21,2.25
747.94,6.16,95.47,0.21,2.25
748.19,6.15,95.47,0.21,2.25
748.44,6.15,95.47,0.21,2.25
748.69,6.14,95.47,0.21,2.25
748.94,6.12,95.47,0.21,2.25
749.19,6.12,95.47,0.21,2.25
749.44,6.12,95.47,0.21,2.25
749.69,6.04,95.47,0.21,2.39
749.94,6.02,95.47,0.21,2.39
750.19,6.00,95.47,0.21,2.39
750.44,5.99,95.47,0.21,2.39
750.69,6.00,95.47,0.21,2.39
750.95,5.97,95.47,0.21,2.39
751.20,5.97,95.47,0.21,2.39
751.45,6.06,95.47,0.21,2.39
751.70,6.03,95.47,0.21,2.39
751.95,6.00,95.47,0.21,2.39
752.20,6.00,95.47,0.21,2.39
752.45,5.99,95.47,0.21,2.39
752.70,5.99,95.47,0.21,2.39
752.95,5.98,95.47,0.21,2.39
753.20,5.91,95.47,0.21,2.39
753.45,6.25,95.47,0.21,2.39
753.70,6.25,95.47,0.21,2.39
753.95,6.15,95.47,0.21,2.39
754.20,6.15,95.47,0.21,2.39
754.45,6.28,95.47,0.21,2.39
754.70,6.71,95.47,0.21,2.39
754.95,6.69,95.47,0.21,2.39
755.20,6.58,95.47,0.21,2.39
755.45,6.57,95.47,0.21,2.39
755.70,6.56,95.47,0.21,2.39
755.95,6.56,95.47,0.21,2.39
756.21,6.55,95.47,0.21,2.39
756.46,6.54,95.47,0.21,2.39
756.71,6.55,95.47,0.21,2.39
756.96,6.65,95.47,0.21,2.39
757.21,6.64,95.47,0.21,2.39
757.46,6.61,95.47,0.21,2.39
757.71,6.61,95.47,0.21,2.39
757.96,6.60,95.47,0.21,2.39
758.21,6.60,95.47,0.21,2.39
758.46,6.60,95.47,0.21,2.39
758.71,6.59,95.47,0.21,2.39
758.96,6.91,95.47,0.21,2.39
759.21,6.90,95.47,0.21,2.39
759.46,6.85,95.47,0.21,2.39
759.71,6.84,95.47,0.21,2.39
759.96,6.82,95.47,0.21,2.39
760.21,6.89,95.47,0.21,2.39
760.46,6.88,95.47,0.21,2.39
760.71,7.67,95.47,0.21,2.39
760.97,8.08,95.47,0.21,2.39
761.22,8.07,95.47,0.21,2.39
761.47,8.13,95.47,0.21,2.39
761.72,8.12,95.47,0.21,2.39
761.97,8.11,95.47,0.21,2.39
762.22,8.11,95.47,0.21,2.39
762.47,8.11,95.47,0.21,2.39
762.72,8.10,95.47,0.21,2.39
762.97,8.11,95.47,0.21,2.39
763.22,8.11,95.47,0.21,2.39
763.47,8.11,95.47,0.21,2.39
763.72,8.11,95.47,0.21,2.39
763.97,8.11,95.47,0.21,2.39
764.22,8.11,95.47,0.21,2.39
764.47,8.11,95.47,0.21,2.39
764.72,8.11,95.47,0.21,2.39
764.97,8.11,95.47,0.21,2.39
765.22,8.11,95.47,0.21,2.39
765.47,8.11,95.47,0.21,2.39
765.72,8.11,95.47,0.21,2.39
765.97,8.10,95.47,0.21,2.39
766.22,8.09,95.47,0.21,2.39
766.48,8.09,95.47,0.21,2.39
766.73,8.09,95.47,0.21,2.39
766.98,8.33,95.47,0.21,2.39
767.23,8.33,95.47,0.21,2.39
767.48,8.26,95.47,0.21,2.39
767.73,8.25,95.47,0.21,2.39
767.98,8.24,95.47,0.21,2.39
768.23,8.24,95.47,0.21,2.39
768.48,8.22,95.47,0.21,2.39
768.73,8.22,95.47,0.21,2.39
768.98,8.22,95.47,0.21,2.39
769.23,8.21,95.47,0.21,2.39
769.48,8.21,95.47,0.21,2.39
769.73,8.21,95.47,0.21,2.39
769.98,8.21,95.47,0.21,2.39
770.23,8.20,95.47,0.21,2.39
770.48,8.20,95.47,0.21,2.39
770.73,8.20,95.47,0.21,2.39
770.98,8.35,95.47,0.21,2.39
771.23,8.35,95.47,0.21,2.39
771.48,8.34,95.47,0.21,2.39
771.73,8.33,95.47,0.21,2.39
771.98,8.32,95.47,0.21,2.39
772.23,8.32,95.47,0.21,2.39
772.49,8.31,95.47,0.21,2.39
772.74,8.31,95.47,0.21,2.39
772.99,8.30,95.47,0.21,2.39
773.24,8.30,95.47,0.21,2.39
773.49,8.29,95.47,0.21,2.39
773.74,8.29,95.47,0.21,2.39
773.99,8.27,95.47,0.21,2.39
774.24,8.27,95.47,0.21,2.39
774.49,8.26,95.47,0.21,2.39
774.74,8.26,95.47,0.21,2.39
774.99,8.26,95.47,0.21,2.39
775.24,8.26,95.47,0.21,2.39
775.49,8.25,95.47,0.21,2.39
775.74,8.25,95.47,0.21,2.39
775.99,8.23,95.47,0.21,2.39
776.24,8.23,95.47,0.21,2.39
776.49,8.22,95.47,0.21,2.39
776.74,8.22,95.47,0.21,2.39
776.99,8.19,95.47,0.21,2.39
777.24,8.28,95.47,0.21,2.39
777.49,8.26,95.47,0.21,2.39
777.74,8.25,95.47,0.21,2.39
778.00,8.24,95.47,0.21,2.39
778.25,8.23,95.47,0.21,2.39
778.50,8.23,95.47,0.21,2.39
778.75,8.21,95.47,0.21,2.39
779.00,8.20,95.47,0.21,2.39
779.25,8.19,95.47,0.21,2.39
779.50,8.19,95.47,0.21,2.39
779.75,8.18,95.47,0.21,2.39
780.00,8.24,95.47,0.21,2.39
780.25,8.19,95.47,0.21,2.39
780.50,8.18,95.47,0.21,2.39
780.75,8.17,95.47,0.21,2.39
781.00,8.16,95.47,0.21,2.39
781.25,8.15,95.47,0.21,2.39
781.50,8.15,95.47,0.21,2.39
781.75,8.13,95.47,0.21,2.39
782.00,8.12,95.47,0.21,2.39
782.25,8.12,95.47,0.21,2.39
782.50,8.27,95.47,0.21,2.39
782.75,8.25,95.47,0.21,2.39
783.00,8.24,95.47,0.21,2.39
783.25,8.23,95.47,0.21,2.39
783.51,8.22,95.47,0.21,2.39
783.76,8.22,95.47,0.21,2.39
784.01,8.21,95.47,0.21,2.39
784.26,8.21,95.47,0.21,2.39
784.51,8.20,95.47,0.21,2.39
784.76,8.20,95.47,0.21,2.39
785.01,8.19,95.47,0.21,2.39
785.26,8.19,95.47,0.21,2.39
785.51,8.19,95.47,0.21,2.39
785.76,8.18,95.47,0.21,2.39
786.01,8.23,95.47,0.21,2.39
786.26,8.22,95.47,0.21,2.39
786.51,8.21,95.47,0.21,2.39
786.76,8.20,95.47,0.21,2.39
787.01,8.19,95.47,0.21,2.39
787.26,8.18,95.47,0.21,2.39
787.51,8.18,95.47,0.21,2.39
787.76,8.17,95.47,0.21,2.39
788.01,8.15,95.47,0.21,2.39
788.26,8.15,95.47,0.21,2.39
788.51,8.19,95.47,0.21,2.39
788.76,8.15,95.47,0.21,2.39
789.02,8.13,95.47,0.21,2.39
789.27,8.12,95.47,0.21,2.39
789.52,8.12,95.47,0.21,2.39
789.77,8.12,95.47,0.21,2.39
790.02,8.11,95.47,0.21,2.39
790.27,8.10,95.47,0.21,2.39
790.52,8.09,95.47,0.21,2.39
790.77,8.23,95.47,0.21,2.39
791.02,8.21,95.47,0.21,2.39
791.27,8.20,95.47,0.21,2.39
791.52,8.19,95.47,0.21,2.39
791.77,8.17,95.47,0.21,2.39
792.02,8.17,95.47,0.21,2.39
792.27,8.17,95.47,0.21,2.39
792.52,8.16,95.47,0.21,2.39
792.77,8.15,95.47,0.21,2.39
793.02,8.15,95.47,0.21,2.39
793.27,8.13,95.47,0.21,2.39
793.52,8.14,95.47,0.21,2.39
793.77,8.19,95.47,0.21,2.39
794.02,8.19,95.47,0.21,2.39
794.27,8.17,95.47,0.21,2.39
794.52,8.16,95.47,0.21,2.39
794.77,8.14,95.47,0.21,2.39
795.03,8.14,95.47,0.21,2.39
795.28,8.13,95.47,0.21,2.39
795.53,8.11,95.47,0.21,2.39
795.78,8.10,95.47,0.21,2.39
796.03,8.09,95.47,0.21,2.39
796.28,8.09,95.47,0.21,2.39
796.53,8.09,95.47,0.21,2.39
796.78,8.17,95.47,0.21,2.39
797.03,8.21,95.47,0.21,2.39
797.28,8.20,95.47,0.21,2.39
797.53,8.20,95.47,0.21,2.39
797.78,8.19,95.47,0.21,2.39
798.03,8.18,95.47,0.21,2.39
798.28,8.18,95.47,0.21,2.39
798.53,8.16,95.47,0.21,2.39
798.78,8.16,95.47,0.21,2.39
799.03,8.15,95.47,0.21,2.39
799.28,8.14,95.47,0.21,2.39
799.53,8.13,95.47,0.21,2.39
799.78,8.11,95.47,0.21,2.39
800.03,8.17,95.47,0.21,2.39
800.28,8.15,95.47,0.21,2.39
800.53,8.14,95.47,0.21,2.39
800.79,8.12,95.47,0.21,2.39
801.04,7.97,95.47,0.21,2.53
801.29,7.97,95.47,0.21,2.53
801.54,7.96,95.47,0.21,2.53
801.79,7.99,95.47,0.21,2.53
802.04,7.98,95.47,0.21,2.53
802.29,7.98,95.47,0.21,2.53
802.54,7.97,95.47,0.21,2.53
802.79,7.96,95.47,0.21,2.53
803.04,7.96,95.47,0.21,2.53
803.29,7.94,95.47,0.21,2.53
803.54,7.94,95.47,0.21,2.53
803.79,7.90,95.47,0.21,2.53
804.04,7.90,95.47,0.21,2.53
804.29,7.99,95.47,0.21,2.53
804.54,7.96,95.47,0.21,2.53
804.79,7.93,95.47,0.21,2.53
805.04,7.93,95.47,0.21,2.53
805.29,7.92,95.47,0.21,2.53
805.54,7.91,95.47,0.21,2.53
805.79,7.90,95.47,0.21,2.53
806.05,7.88,95.47,0.21,2.53
806.30,7.88,95.47,0.21,2.53
806.55,7.88,95.47,0.21,2.53
806.80,7.87,95.47,0.21,2.53
807.05,7.93,95.47,0.21,2.53
807.30,7.92,95.47,0.21,2.53
807.55,7.91,95.47,0.21,2.53
807.80,7.88,95.47,0.21,2.53
808.05,7.88,95.47,0.21,2.53
808.30,7.88,95.47,0.21,2.53
808.55,7.87,95.47,0.21,2.53
808.80,7.85,95.47,0.21,2.53
809.05,7.85,95.47,0.21,2.53
809.30,7.85,95.47,0.21,2.53
809.55,7.85,95.47,0.21,2.53
809.80,7.88,95.47,0.21,2.53
810.05,7.87,95.47,0.21,2.53
810.30,7.86,95.47,0.21,2.53
810.55,7.86,95.47,0.21,2.53
810.80,7.84,95.47,0.21,2.53
811.05,7.84,95.47,0.21,2.53
811.30,7.84,95.47,0.21,2.53
811.55,7.83,95.47,0.21,2.53
811.80,7.86,95.47,0.21,2.53
812.06,7.84,95.47,0.21,2.53
812.31,7.83,95.47,0.21,2.53
812.56,7.83,95.47,0.21,2.53
812.81,7.81,95.47,0.21,2.53
813.06,7.82,95.47,0.21,2.53
813.31,7.81,95.47,0.21,2.53
813.56,7.80,95.47,0.21,2.53
813.81,7.85,95.47,0.21,2.53
814.06,7.85,95.47,0.21,2.53
814.31,7.84,95.47,0.21,2.53
814.56,7.84,95.47,0.21,2.53
814.81,7.82,95.47,0.21,2.53
815.06,7.82,95.47,0.21,2.53
815.31,7.81,95.47,0.21,2.53
815.56,7.81,95.47,0.21,2.53
815.81,7.78,95.47,0.21,2.53
816.06,7.78,95.47,0.21,2.53
816.31,7.83,95.47,0.21,2.53
816.56,7.82,95.47,0.21,2.53
816.81,7.78,95.47,0.21,2.53
817.06,7.78,95.47,0.21,2.53
817.31,7.77,95.47,0.21,2.53
817.57,7.77,95.47,0.21,2.53
817.82,7.82,95.47,0.21,2.53
818.07,7.82,95.47,0.21,2.53
818.32,7.80,95.47,0.21,2.53
818.57,7.79,95.47,0.21,2.53
818.82,7.77,95.47,0.21,2.53
819.07,7.76,95.47,0.21,2.53
819.32,7.75,95.47,0.21,2.53
819.57,7.75,95.47,0.21,2.53
819.82,7.74,95.47,0.21,2.53
820.07,7.73,95.47,0.21,2.53
820.32,7.78,95.47,0.21,2.53
820.57,7.77,95.47,0.21,2.53
820.82,7.75,95.47,0.21,2.53
821.07,7.75,95.47,0.21,2.53
821.32,7.75,95.47,0.21,2.53
821.57,7.74,95.47,0.21,2.53
821.82,7.73,95.47,0.21,2.53
822.07,7.72,95.47,0.21,2.53
822.32,7.75,95.47,0.21,2.53
822.57,7.73,95.47,0.21,2.53
822.82,7.71,95.47,0.21,2.53
823.07,7.70,95.47,0.21,2.53
823.32,7.69,95.47,0.21,2.53
823.57,7.69,95.47,0.21,2.53
823.83,7.69,95.47,0.21,2.53
824.08,7.69,95.47,0.21,2.53
824.33,7.67,95.47,0.21,2.53
824.58,7.66,95.47,0.21,2.53
824.83,7.71,95.47,0.21,2.53
825.08,7.70,95.47,0.21,2.53
825.33,7.69,95.47,0.21,2.53
825.58,7.68,95.47,0.21,2.53
825.83,7.65,95.47,0.21,2.53
826.08,7.65,95.47,0.21,2.53
826.33,7.65,95.47,0.21,2.53
826.58,7.65,95.47,0.21,2.53
826.83,7.64,95.47,0.21,2.53
827.08,7.63,95.47,0.21,2.53
827.33,7.63,95.47,0.21,2.53
827.58,7.69,95.47,0.21,2.53
827.83,7.67,95.47,0.21,2.53
828.08,7.66,95.47,0.21,2.53
828.33,7.66,95.47,0.21,2.53
828.58,7.65,95.47,0.21,2.53
828.83,7.64,95.47,0.21,2.53
829.08,7.64,95.47,0.21,2.53
829.33,7.63,95.47,0.21,2.53
829.58,7.63,95.47,0.21,2.53
829.83,7.63,95.47,0.21,2.53
830.09,7.62,95.47,0.21,2.53
830.34,7.62,95.47,0.21,2.53
830.59,7.61,95.47,0.21,2.53
830.84,7.60,95.47,0.21,2.53
831.09,7.60,95.47,0.21,2.53
831.34,7.59,95.47,0.21,2.53
831.59,7.59,95.47,0.21,2.53
831.84,7.63,95.47,0.21,2.53
832.09,7.63,95.47,0.21,2.53
832.34,7.63,95.47,0.21,2.53
832.59,7.62,95.47,0.21,2.53
832.84,7.61,95.47,0.21,2.53
833.09,7.60,95.47,0.21,2.53
833.34,7.59,95.47,0.21,2.53
833.59,7.58,95.47,0.21,2.53
833.84,7.59,95.47,0.21,2.53
834.09,7.59,95.47,0.21,2.53
834.34,7.58,95.47,0.21,2.53
834.59,7.58,95.47,0.21,2.53
834.84,7.56,95.47,0.21,2.53
835.09,7.56,95.47,0.21,2.53
835.34,7.55,95.47,0.21,2.53
835.59,7.55,95.47,0.21,2.53
835.84,7.60,95.47,0.21,2.53
836.09,7.58,95.47,0.21,2.53
836.35,7.56,95.47,0.21,2.53
836.60,7.56,95.47,0.21,2.53
836.85,7.54,95.47,0.21,2.53
837.10,7.54,95.47,0.21,2.53
837.35,7.53,95.47,0.21,2.53
837.60,7.53,95.47,0.21,2.53
837.85,7.53,95.47,0.21,2.53
838.10,7.52,95.47,0.21,2.53
838.35,7.52,95.47,0.21,2.53
838.60,7.51,95.47,0.21,2.53
838.85,7.54,95.47,0.21,2.53
839.10,7.54,95.47,0.21,2.53
839.35,7.54,95.47,0.21,2.53
839.60,7.54,95.47,0.21,2.53
839.85,7.52,95.47,0.21,2.53
840.10,7.52,95.47,0.21,2.53
840.35,7.51,95.47,0.21,2.53
840.60,7.51,95.47,0.21,2.53
840.85,7.50,95.47,0.21,2.53
841.10,7.53,95.47,0.21,2.53
841.35,7.51,95.47,0.21,2.53
841.60,7.51,95.47,0.21,2.53
841.85,7.48,95.47,0.21,2.53
842.10,7.48,95.47,0.21,2.53
842.36,7.48,95.47,0.21,2.53
842.61,7.47,95.47,0.21,2.53
842.86,7.46,95.47,0.21,2.53
843.11,7.45,95.47,0.21,2.53
843.36,7.49,95.47,0.21,2.53
843.61,7.49,95.47,0.21,2.53
843.86,7.48,95.47,0.21,2.53
844.11,7.47,95.47,0.21,2.53
844.36,7.47,95.47,0.21,2.53
844.61,7.46,95.47,0.21,2.53
844.86,7.45,95.47,0.21,2.53
845.11,7.44,95.47,0.21,2.53
845.36,7.48,95.47,0.21,2.53
845.61,7.48,95.47,0.21,2.53
845.86,7.45,95.47,0.21,2.53
846.11,7.45,95.47,0.21,2.53
846.36,7.44,95.47,0.21,2.53
846.61,7.44,95.47,0.21,2.53
846.86,7.43,95.47,0.21,2.53
847.11,7.42,95.47,0.21,2.53
847.36,7.42,95.47,0.21,2.53
847.61,7.44,95.47,0.21,2.53
847.86,7.41,95.47,0.21,2.53
848.11,7.41,95.47,0.21,2.53
848.36,7.41,95.47,0.21,2.53
848.62,7.41,95.47,0.21,2.53
848.87,7.40,95.47,0.21,2.53
849.12,7.40,95.47,0.21,2.53
849.37,7.39,95.47,0.21,2.53
849.62,7.39,95.47,0.21,2.53
849.87,7.38,95.47,0.21,2.53
850.12,7.38,95.47,0.21,2.53
850.37,7.42,95.47,0.21,2.53
850.62,7.41,95.47,0.21,2.53
850.87,7.40,95.47,0.21,2.53
851.12,7.39,95.47,0.21,2.53
851.37,7.39,95.47,0.21,2.53
851.62,7.38,95.47,0.21,2.53
851.87,7.37,95.47,0.21,2.53
852.12,7.37,95.47,0.21,2.53
852.37,7.36,95.47,0.21,2.53
852.62,7.40,95.47,0.21,2.53
852.87,7.38,95.47,0.21,2.53
853.12,7.37,95.47,0.21,2.53
853.37,7.36,95.47,0.21,2.53
853.62,7.36,95.47,0.21,2.53
853.87,7.35,95.47,0.21,2.53
854.12,7.34,95.47,0.21,2.53
854.38,7.34,95.47,0.21,2.53
854.63,7.33,95.47,0.21,2.53
854.88,7.32,95.47,0.21,2.53
855.13,7.32,95.47,0.21,2.53
855.38,7.31,95.47,0.21,2.53
855.63,7.31,95.47,0.21,2.53
855.88,7.29,95.47,0.21,2.53
856.13,7.29,95.47,0.21,2.53
856.38,7.29,95.47,0.21,2.53
856.63,7.28,95.47,0.21,2.53
856.88,7.27,95.47,0.21,2.53
857.13,7.28,95.47,0.21,2.53
857.38,7.35,95.47,0.21,2.53
857.63,7.34,95.47,0.21,2.53
857.88,7.31,95.47,0.21,2.53
858.13,7.31,95.47,0.21,2.53
858.38,7.30,95.47,0.21,2.53
858.63,7.29,95.47,0.21,2.53
858.88,7.28,95.47,0.21,2.53
859.13,7.27,95.47,0.21,2.53
859.38,7.27,95.47,0.21,2.53
859.63,7.27,95.47,0.21,2.53
859.88,7.31,95.47,0.21,2.53
860.13,7.32,95.47,0.21,2.53
860.39,7.31,95.47,0.21,2.53
860.64,7.29,95.47,0.21,2.53
860.89,7.27,95.47,0.21,2.53
861.14,7.27,95.47,0.21,2.53
861.39,7.27,95.47,0.21,2.53
861.64,7.26,95.47,0.21,2.53
861.89,7.28,95.47,0.21,2.53
862.14,7.27,95.47,0.21,2.53
862.39,7.26,95.47,0.21,2.53
862.64,7.26,95.47,0.21,2.53
862.89,7.24,95.47,0.21,2.53
863.14,7.24,95.47,0.21,2.53
863.39,7.23,95.47,0.21,2.53
863.64,7.23,95.47,0.21,2.53
863.89,7.22,95.47,0.21,2.53
864.14,7.26,95.47,0.21,2.53
864.39,7.24,95.47,0.21,2.53
864.64,7.24,95.47,0.21,2.53
864.89,7.20,95.47,0.21,2.53
865.14,7.20,95.47,0.21,2.53
865.39,7.20,95.47,0.21,2.53
865.64,7.20,95.47,0.21,2.53
865.89,7.18,95.47,0.21,2.53
866.14,7.10,95.47,0.21,2.67
866.39,7.09,95.47,0.21,2.67
866.64,7.09,95.47,0.21,2.67
866.89,7.07,95.47,0.21,2.67
867.14,7.06,95.47,0.21,2.67
867.39,7.05,95.47,0.21,2.67
867.64,7.05,95.47,0.21,2.67
867.89,7.03,95.47,0.21,2.67
868.15,7.03,95.47,0.21,2.67
868.40,7.03,95.47,0.21,2.67
868.65,7.07,95.47,0.21,2.67
868.90,7.02,95.47,0.21,2.67
869.15,7.02,95.47,0.21,2.67
869.40,7.02,95.47,0.21,2.67
869.65,7.01,95.47,0.21,2.67
869.90,6.98,95.47,0.21,2.67
870.15,6.97,95.47,0.21,2.67
870.40,6.97,95.47,0.21,2.67
870.65,6.97,95.47,0.21,2.67
870.90,7.02,95.47,0.21,2.67
871.15,7.01,95.47,0.21,2.67
871.40,7.00,95.47,0.21,2.67
871.65,6.99,95.47,0.21,2.67
871.90,6.97,95.47,0.21,2.67
872.15,6.95,95.47,0.21,2.67
872.40,6.95,95.47,0.21,2.67
872.65,6.95,95.47,0.21,2.67
872.90,6.98,95.47,0.21,2.67
873.15,6.98,95.47,0.21,2.67
873.40,6.96,95.47,0.21,2.67
873.65,6.95,95.47,0.21,2.67
873.90,6.93,95.47,0.21,2.67
874.15,6.93,95.47,0.21,2.67
874.40,6.92,95.47,0.21,2.67
874.66,6.92,95.47,0.21,2.67
874.91,6.90,95.47,0.21,2.67
875.16,6.94,95.47,0.21,2.67
875.41,6.94,95.47,0.21,2.67
875.66,6.95,95.47,0.21,2.67
875.91,6.92,95.47,0.21,2.67
876.16,6.92,95.47,0.21,2.67
876.41,6.91,95.47,0.21,2.67
876.66,6.91,95.47,0.21,2.67
876.91,6.90,95.47,0.21,2.67
877.16,6.89,95.47,0.21,2.67
877.41,6.88,95.47,0.21,2.67
877.66,6.88,95.47,0.21,2.67
877.91,6.94,95.47,0.21,2.67
878.16,6.93,95.47,0.21,2.67
878.41,6.92,95.47,0.21,2.67
878.66,6.92,95.47,0.21,2.67
878.91,6.91,95.47,0.21,2.67
879.16,6.90,95.47,0.21,2.67
879.41,6.90,95.47,0.21,2.67
879.66,6.90,95.47,0.21,2.67
879.91,6.88,95.47,0.21,2.67
880.16,6.93,95.47,0.21,2.67
880.41,6.73,95.47,0.21,2.82
880.67,6.73,95.47,0.21,2.82
880.92,6.72,95.47,0.21,2.82
881.17,6.73,95.48,0.21,2.82
881.42,6.74,95.48,0.21,2.82
881.67,6.74,95.48,0.21,2.82
881.92,6.72,95.48,0.21,2.82
882.17,6.72,95.48,0.21,2.82
882.42,6.75,95.48,0.21,2.82
882.67,6.74,95.48,0.21,2.82
882.92,6.68,95.48,0.21,2.82
883.17,6.69,95.48,0.21,2.82
883.42,6.69,95.48,0.21,2.82
883.67,6.68,95.48,0.21,2.82
883.92,6.70,95.48,0.21,2.82
884.17,6.70,95.48,0.21,2.82
884.42,6.70,95.48,0.21,2.82
884.68,6.69,95.49,0.21,2.82
884.93,6.68,95.49,0.21,2.82
885.18,6.68,95.49,0.21,2.82
885.43,6.67,95.49,0.21,2.82
885.68,6.65,95.49,0.21,2.82
885.93,6.65,95.49,0.21,2.82
886.18,6.65,95.49,0.21,2.82
886.43,6.64,95.49,0.21,2.82
886.68,6.64,95.49,0.21,2.82
886.93,6.65,95.49,0.21,2.82
887.18,6.68,95.49,0.21,2.82
887.43,6.67,95.49,0.21,2.82
887.68,6.65,95.49,0.21,2.82
887.93,6.63,95.49,0.21,2.82
888.18,6.64,95.49,0.21,2.82
888.43,6.64,95.49,0.21,2.82
888.68,6.64,95.49,0.21,2.82
888.94,6.63,95.49,0.21,2.82
889.19,6.62,95.49,0.21,2.82
889.44,6.62,95.49,0.21,2.82
889.69,6.62,95.49,0.21,2.82
889.94,6.61,95.49,0.21,2.82
890.19,6.63,95.49,0.21,2.82
890.44,6.63,95.49,0.21,2.82
890.69,6.61,95.49,0.21,2.82
890.94,6.59,95.49,0.21,2.82
891.19,6.58,95.49,0.21,2.82
891.44,6.58,95.49,0.21,2.82
891.69,6.58,95.50,0.21,2.82
891.94,6.57,95.50,0.21,2.82
892.19,6.56,95.50,0.21,2.82
892.44,6.56,95.50,0.21,2.82
892.69,6.56,95.50,0.21,2.82
892.95,6.55,95.50,0.21,2.82
893.20,6.55,95.50,0.21,2.82
893.45,6.52,95.50,0.21,2.82
893.70,6.52,95.50,0.21,2.82
893.95,6.50,95.50,0.21,2.82
894.20,6.50,95.50,0.21,2.82
894.45,6.50,95.50,0.21,2.82
894.70,6.50,95.50,0.21,2.82
894.95,6.49,95.50,0.21,2.82
895.20,6.48,95.50,0.21,2.82
895.45,6.48,95.50,0.21,2.82
895.70,6.43,95.50,0.21,2.82
895.95,6.44,95.50,0.21,2.82
896.20,6.44,95.50,0.21,2.82
896.45,6.44,95.50,0.21,2.82
896.70,6.44,95.50,0.21,2.82
896.96,6.42,95.50,0.21,2.82
897.21,6.42,95.50,0.21,2.82
897.46,6.42,95.50,0.21,2.82
897.71,6.41,95.50,0.21,2.82
897.96,6.41,95.50,0.21,2.82
898.21,6.39,95.50,0.21,2.82
898.46,6.39,95.50,0.21,2.82
898.71,6.43,95.50,0.21,2.82
898.96,6.42,95.50,0.21,2.82
899.21,6.41,95.50,0.21,2.82
899.46,6.41,95.51,0.21,2.82
899.71,6.41,95.51,0.21,2.82
899.96,6.49,95.51,0.21,2.82
900.21,6.48,95.51,0.21,2.82
900.46,6.48,95.51,0.21,2.82
900.71,6.48,95.51,0.21,2.82
900.97,6.47,95.51,0.21,2.82
901.22,6.48,95.51,0.21,2.82
901.47,6.48,95.51,0.21,2.82
901.72,6.47,95.51,0.21,2.82
901.97,6.46,95.51,0.21,2.82
902.22,6.46,95.51,0.21,2.82
902.47,6.46,95.51,0.21,2.82
902.72,6.44,95.51,0.21,2.82
902.97,6.40,95.51,0.21,2.82
903.22,6.39,95.51,0.21,2.82
903.47,6.39,95.51,0.21,2.82
903.72,6.39,95.51,0.21,2.82
903.97,6.44,95.51,0.21,2.82
904.22,6.44,95.51,0.21,2.82
904.47,6.44,95.51,0.21,2.82
904.72,6.41,95.51,0.21,2.82
904.98,6.40,95.51,0.21,2.82
905.23,6.39,95.51,0.21,2.82
905.48,6.39,95.51,0.21,2.82
905.73,6.38,95.51,0.21,2.82
905.98,6.40,95.52,0.21,2.82
906.23,6.40,95.52,0.21,2.82
906.48,6.42,95.52,0.21,2.82
906.73,6.40,95.52,0.21,2.82
906.98,6.37,95.52,0.21,2.82
907.23,6.37,95.52,0.21,2.82
907.48,6.37,95.52,0.21,2.82
907.73,6.35,95.52,0.21,2.82
907.98,6.36,95.52,0.21,2.82
908.23,6.36,95.52,0.21,2.82
908.48,6.35,95.52,0.21,2.82
908.73,6.35,95.52,0.21,2.82
908.99,6.35,95.52,0.21,2.82
909.24,6.34,95.52,0.21,2.82
909.49,6.34,95.52,0.21,2.82
909.74,6.34,95.52,0.21,2.82
909.99,6.33,95.52,0.21,2.82
910.24,6.32,95.52,0.21,2.82
910.49,6.31,95.52,0.21,2.82
910.74,6.31,95.52,0.21,2.82
910.99,6.30,95.52,0.21,2.82
911.24,6.35,95.52,0.21,2.82
911.49,6.34,95.52,0.21,2.82
911.74,6.33,95.52,0.21,2.82
911.99,6.32,95.52,0.21,2.82
912.24,6.31,95.52,0.21,2.82
912.49,6.31,95.52,0.21,2.82
912.74,6.30,95.52,0.21,2.82
913.00,6.29,95.52,0.21,2.82
913.25,6.29,95.52,0.21,2.82
913.50,6.28,95.52,0.21,2.82
913.75,6.28,95.52,0.21,2.82
914.00,6.28,95.53,0.21,2.82
914.25,6.27,95.53,0.21,2.82
914.50,6.27,95.53,0.21,2.82
914.75,6.26,95.53,0.21,2.82
915.00,6.25,95.53,0.21,2.82
915.25,6.28,95.53,0.21,2.82
915.50,6.28,95.53,0.21,2.82
915.75,6.29,95.53,0.21,2.82
916.00,6.26,95.53,0.21,2.82
916.25,6.28,95.53,0.21,2.82
916.50,6.25,95.53,0.21,2.82
916.75,6.25,95.53,0.21,2.82
917.01,6.21,95.53,0.21,2.82
917.26,6.21,95.53,0.21,2.82
917.51,6.21,95.53,0.21,2.82
917.76,6.21,95.53,0.21,2.82
918.01,6.20,95.53,0.21,2.82
918.26,6.20,95.53,0.21,2.82
918.51,6.19,95.53,0.21,2.82
918.76,6.22,95.53,0.21,2.82
919.01,6.21,95.53,0.21,2.82
919.26,6.20,95.53,0.21,2.82
919.51,6.20,95.53,0.21,2.82
919.76,6.22,95.53,0.21,2.82
920.01,6.19,95.54,0.21,2.82
920.26,6.23,95.54,0.21,2.82
920.51,6.22,95.54,0.21,2.82
920.77,6.22,95.54,0.21,2.82
921.02,6.22,95.54,0.21,2.82
921.27,6.21,95.54,0.21,2.82
921.52,6.20,95.54,0.21,2.82
921.77,6.16,95.54,0.21,2.82
922.02,6.16,95.54,0.21,2.82
922.27,6.18,95.54,0.21,2.82
922.52,6.17,95.54,0.21,2.82
922.77,6.17,95.54,0.21,2.82
923.02,6.14,95.54,0.21,2.82
923.27,6.19,95.54,0.21,2.82
923.52,6.17,95.54,0.21,2.82
923.77,6.16,95.54,0.21,2.82
924.02,6.13,95.54,0.21,2.82
924.27,6.12,95.54,0.21,2.82
924.52,6.12,95.54,0.21,2.82
924.78,6.12,95.54,0.21,2.82
925.03,6.10,95.54,0.21,2.82
925.28,6.10,95.54,0.21,2.82
925.53,6.07,95.54,0.21,2.82
925.78,6.13,95.54,0.21,2.82
926.03,6.11,95.54,0.21,2.82
926.28,6.11,95.54,0.21,2.82
926.53,6.11,95.54,0.21,2.82
926.78,6.10,95.55,0.21,2.82
927.03,6.10,95.55,0.21,2.82
927.28,6.09,95.55,0.21,2.82
927.53,6.08,95.55,0.21,2.82
927.78,6.08,95.55,0.21,2.82
928.03,6.12,95.55,0.21,2.82
928.28,6.11,95.55,0.21,2.82
928.53,6.11,95.55,0.21,2.82
928.79,6.11,95.55,0.21,2.82
929.04,6.08,95.55,0.21,2.82
929.29,6.08,95.55,0.21,2.82
929.54,6.07,95.55,0.21,2.82
929.79,6.07,95.55,0.21,2.82
930.04,6.08,95.55,0.21,2.82
930.29,6.07,95.55,0.21,2.82
930.54,6.06,95.55,0.21,2.82
930.79,6.06,95.55,0.21,2.82
931.04,6.05,95.55,0.21,2.82
931.29,6.05,95.55,0.21,2.82
931.54,6.05,95.55,0.21,2.82
931.79,6.04,95.55,0.21,2.82
932.04,6.04,95.55,0.21,2.82
932.29,6.06,95.55,0.21,2.82
932.55,6.08,95.55,0.21,2.82
932.80,6.07,95.55,0.21,2.82
933.05,6.10,95.55,0.21,2.82
933.30,6.09,95.55,0.21,2.82
933.55,6.09,95.55,0.21,2.82
933.80,6.09,95.55,0.21,2.82
934.05,6.08,95.56,0.21,2.82
934.30,6.07,95.56,0.21,2.82
934.55,6.07,95.56,0.21,2.82
934.80,6.07,95.56,0.21,2.82
935.05,6.06,95.56,0.21,2.82
935.30,6.06,95.56,0.21,2.82
935.55,6.06,95.56,0.21,2.82
935.80,6.05,95.56,0.21,2.82
936.05,6.03,95.56,0.21,2.82
936.30,6.03,95.56,0.21,2.82
936.56,6.20,95.56,0.21,2.82
936.81,6.19,95.56,0.21,2.82
937.06,6.21,95.56,0.21,2.82
937.31,6.24,95.56,0.21,2.82
937.56,6.23,95.56,0.21,2.82
937.81,6.24,95.56,0.21,2.82
938.06,6.22,95.56,0.21,2.82
938.31,6.21,95.56,0.21,2.82
938.56,6.21,95.56,0.21,2.82
938.81,6.20,95.56,0.21,2.82
939.06,6.21,95.56,0.21,2.82
939.31,6.22,95.56,0.21,2.79
939.56,6.21,95.56,0.21,2.80
939.81,6.20,95.56,0.21,2.80
940.06,6.20,95.56,0.21,2.79
940.31,6.19,95.56,0.21,2.80
940.56,6.19,95.56,0.21,2.80
940.81,6.24,95.56,0.21,2.76
941.06,6.25,95.56,0.21,2.74
941.32,6.24,95.56,0.21,2.75
941.57,6.25,95.56,0.21,2.74
941.82,6.24,95.56,0.21,2.74
942.07,6.24,95.57,0.21,2.73
942.32,6.26,95.57,0.21,2.71
942.57,6.26,95.57,0.21,2.71
942.82,6.27,95.57,0.21,2.69
943.07,6.27,95.57,0.21,2.70
943.32,6.26,95.57,0.21,2.70
943.57,6.27,95.57,0.21,2.68
943.82,6.26,95.57,0.21,2.68
944.07,6.27,95.57,0.21,2.68
944.32,6.26,95.57,0.21,2.68
944.57,6.33,95.57,0.21,2.69
944.82,6.32,95.57,0.21,2.69
945.07,6.30,95.57,0.21,2.69
945.32,6.29,95.57,0.21,2.69
945.58,6.29,95.57,0.21,2.69
945.83,6.28,95.57,0.21,2.69
946.08,6.26,95.57,0.21,2.69
946.33,6.26,95.57,0.21,2.69
946.58,6.26,95.57,0.21,2.69
946.83,6.25,95.57,0.21,2.69
947.08,6.25,95.57,0.21,2.69
947.33,6.25,95.57,0.21,2.69
947.58,6.24,95.57,0.21,2.69
947.83,6.23,95.57,0.21,2.69
948.08,6.23,95.57,0.21,2.69
948.33,6.24,95.57,0.21,2.69
948.58,6.23,95.57,0.21,2.69
948.83,6.23,95.57,0.21,2.69
949.08,6.22,95.57,0.21,2.69
949.33,6.23,95.58,0.21,2.68
949.58,6.23,95.58,0.21,2.68
949.84,6.22,95.58,0.21,2.68
950.09,6.20,95.58,0.21,2.68
950.34,6.19,95.58,0.21,2.68
950.59,6.19,95.58,0.21,2.68
950.84,6.19,95.58,0.21,2.68
951.09,6.18,95.58,0.21,2.68
951.34,6.17,95.58,0.21,2.68
951.59,6.17,95.58,0.21,2.68
951.84,6.11,95.58,0.21,2.68
952.09,6.18,95.58,0.21,2.68
952.34,6.16,95.58,0.21,2.68
952.59,6.16,95.58,0.21,2.68
952.84,6.21,95.58,0.21,2.68
953.09,6.16,95.58,0.21,2.68
953.34,6.16,95.58,0.21,2.68
953.59,6.16,95.58,0.21,2.68
953.85,6.15,95.58,0.21,2.68
954.10,6.13,95.58,0.21,2.67
954.35,6.14,95.58,0.21,2.68
954.60,6.14,95.58,0.21,2.68
954.85,6.13,95.58,0.21,2.68
955.10,6.12,95.58,0.21,2.68
955.35,6.13,95.58,0.21,2.68
955.60,6.13,95.58,0.21,2.68
955.85,6.13,95.58,0.21,2.68
956.10,6.12,95.58,0.21,2.68
956.35,6.14,95.58,0.21,2.68
956.60,6.14,95.58,0.21,2.68
956.85,6.13,95.58,0.21,2.68
957.10,6.11,95.59,0.21,2.68
957.35,6.11,95.59,0.21,2.68
957.60,6.15,95.59,0.21,2.68
957.85,6.10,95.59,0.21,2.68
958.11,6.08,95.59,0.21,2.68
958.36,6.12,95.59,0.21,2.68
958.61,6.12,95.59,0.21,2.68
958.86,6.13,95.59,0.21,2.68
959.11,6.11,95.59,0.21,2.68
959.36,6.10,95.59,0.21,2.68
959.61,6.12,95.59,0.21,2.68
959.86,6.11,95.59,0.21,2.68
960.11,6.08,95.59,0.21,2.68
960.36,6.08,95.59,0.21,2.68
960.61,6.07,95.59,0.21,2.68
960.86,6.07,95.59,0.21,2.68
961.11,6.09,95.59,0.21,2.68
961.36,6.08,95.59,0.21,2.68
961.63,6.08,95.59,0.21,2.68
961.88,6.06,95.59,0.21,2.68
962.13,6.04,95.59,0.21,2.68
962.38,6.04,95.59,0.21,2.67
962.63,6.03,95.59,0.21,2.67
962.88,6.03,95.59,0.21,2.67
963.13,6.01,95.59,0.21,2.67
963.38,6.00,95.59,0.21,2.67
963.63,6.02,95.60,0.21,2.66
963.88,6.02,95.60,0.21,2.66
964.13,6.01,95.60,0.21,2.66
964.38,6.01,95.60,0.21,2.66
964.63,6.01,95.60,0.21,2.66
964.88,6.02,95.60,0.21,2.65
965.13,6.01,95.60,0.21,2.65
965.38,6.01,95.60,0.21,2.65
965.64,6.01,95.60,0.21,2.65
965.89,6.03,95.60,0.21,2.65
966.14,6.06,95.60,0.21,2.65
966.39,6.05,95.60,0.21,2.65
966.64,6.03,95.60,0.21,2.65
966.89,6.02,95.60,0.21,2.65
967.14,6.00,95.60,0.21,2.65
967.39,6.00,95.60,0.21,2.65
967.64,6.00,95.60,0.21,2.65
967.89,6.00,95.60,0.21,2.65
968.14,5.99,95.60,0.21,2.65
968.39,5.95,95.60,0.21,2.64
968.64,6.01,95.60,0.21,2.64
968.89,6.01,95.60,0.21,2.64
969.14,6.02,95.60,0.21,2.64
969.39,6.02,95.60,0.21,2.63
969.65,6.01,95.60,0.21,2.63
969.90,6.00,95.60,0.21,2.63
970.15,5.98,95.60,0.21,2.63
970.40,5.95,95.60,0.21,2.63
970.65,5.92,95.60,0.21,2.61
970.90,5.97,95.60,0.21,2.61
971.15,5.95,95.60,0.21,2.61
971.40,5.95,95.60,0.21,2.61
971.65,5.94,95.60,0.21,2.61
971.90,5.97,95.61,0.21,2.60
972.15,6.00,95.61,0.21,2.60
972.40,5.99,95.61,0.21,2.60
972.65,5.98,95.61,0.21,2.60
972.90,5.91,95.61,0.21,2.60
973.24,5.95,95.61,0.21,2.60
973.49,5.94,95.61,0.21,2.60
973.74,5.94,95.61,0.21,2.60
973.99,5.99,95.61,0.21,2.60
974.24,5.99,95.61,0.21,2.59
974.49,5.99,95.61,0.21,2.59
974.74,5.98,95.61,0.21,2.59
974.99,5.98,95.61,0.21,2.59
975.25,5.98,95.61,0.21,2.58
975.50,5.97,95.61,0.21,2.58
975.75,5.96,95.61,0.21,2.58
976.00,5.96,95.61,0.21,2.58
976.25,5.96,95.61,0.21,2.58
976.50,5.93,95.61,0.21,2.58
976.75,5.95,95.61,0.21,2.58
977.00,5.94,95.61,0.21,2.58
977.25,5.94,95.61,0.21,2.58
977.50,5.94,95.61,0.21,2.58
977.75,5.91,95.62,0.21,2.58
978.00,5.94,95.62,0.21,2.58
978.25,5.92,95.62,0.21,2.58
978.50,5.92,95.62,0.21,2.58
978.75,5.90,95.62,0.21,2.58
979.00,5.92,95.62,0.21,2.58
979.26,5.91,95.62,0.21,2.58
979.51,5.91,95.62,0.21,2.58
979.76,5.90,95.62,0.21,2.58
980.01,5.90,95.62,0.21,2.58
980.26,5.90,95.62,0.21,2.58
980.51,5.89,95.62,0.21,2.58
980.76,5.94,95.62,0.21,2.58
981.01,5.90,95.62,0.21,2.58
981.26,5.90,95.62,0.21,2.58
981.51,5.88,95.62,0.21,2.58
981.76,5.88,95.62,0.21,2.58
982.01,5.86,95.62,0.21,2.58
982.26,5.83,95.62,0.21,2.58
982.51,5.86,95.62,0.21,2.58
982.76,5.86,95.62,0.21,2.58
983.01,5.91,95.62,0.21,2.58
983.26,5.90,95.62,0.21,2.58
983.52,5.89,95.62,0.21,2.58
983.77,5.88,95.62,0.21,2.58
984.02,5.86,95.62,0.21,2.58
984.27,5.90,95.62,0.21,2.58
984.52,5.96,95.62,0.21,2.58
984.77,5.95,95.62,0.21,2.58
985.02,5.93,95.62,0.21,2.58
985.27,5.93,95.62,0.21,2.58
985.52,5.92,95.62,0.21,2.58
985.77,5.92,95.63,0.21,2.58
986.02,5.91,95.63,0.21,2.58
986.27,5.91,95.63,0.21,2.58
986.52,5.90,95.63,0.21,2.58
986.77,5.86,95.63,0.21,2.58
987.02,6.09,95.63,0.21,2.58
987.27,6.08,95.63,0.21,2.58
987.53,6.03,95.63,0.21,2.58
987.78,5.99,95.63,0.21,2.58
988.03,5.98,95.63,0.21,2.58
988.28,5.98,95.63,0.21,2.58
988.53,5.98,95.63,0.21,2.58
988.78,5.97,95.63,0.21,2.58
989.03,5.97,95.63,0.21,2.58
989.28,5.96,95.63,0.21,2.58
989.53,5.95,95.63,0.21,2.58
989.78,5.95,95.63,0.21,2.58
990.03,5.94,95.63,0.21,2.58
990.28,6.06,95.63,0.21,2.58
990.53,6.06,95.63,0.21,2.58
990.78,6.06,95.63,0.21,2.58
991.03,6.07,95.63,0.21,2.58
991.28,6.07,95.63,0.21,2.58
991.54,6.07,95.63,0.21,2.58
991.79,6.07,95.63,0.21,2.58
992.04,6.06,95.63,0.21,2.58
992.29,6.06,95.63,0.21,2.58
992.54,6.06,95.63,0.21,2.58
992.79,6.16,95.64,0.21,2.58
993.04,6.15,95.64,0.21,2.58
993.29,6.14,95.64,0.21,2.58
993.54,6.14,95.64,0.21,2.58
993.79,6.04,95.64,0.21,2.58
994.04,6.11,95.64,0.21,2.58
994.29,6.11,95.64,0.21,2.58
994.54,6.10,95.64,0.21,2.58
994.79,6.10,95.64,0.21,2.58
995.04,6.09,95.64,0.21,2.58
995.29,6.08,95.64,0.21,2.58
995.55,6.08,95.64,0.21,2.58
995.80,6.08,95.64,0.21,2.58
996.05,6.08,95.64,0.21,2.58
996.30,6.07,95.64,0.21,2.58
996.55,6.07,95.64,0.21,2.58
996.80,6.07,95.64,0.21,2.58
997.05,6.06,95.64,0.21,2.58
997.30,6.06,95.64,0.21,2.58
997.55,6.06,95.64,0.21,2.58
997.80,6.06,95.64,0.21,2.58
998.05,6.04,95.64,0.21,2.58
998.30,6.04,95.64,0.21,2.58
998.55,6.04,95.64,0.21,2.58
998.80,6.04,95.64,0.21,2.58
999.05,6.03,95.64,0.21,2.58
999.30,6.01,95.64,0.21,2.58
999.56,6.00,95.65,0.21,2.58
999.81,6.00,95.65,0.21,2.58
1000.06,5.99,95.65,0.21,2.58
1000.31,5.99,95.65,0.21,2.58
1000.56,5.99,95.65,0.21,2.58
1000.81,5.98,95.65,0.21,2.58
1001.06,5.97,95.65,0.21,2.58
1001.31,5.97,95.65,0.21,2.58
1001.56,5.96,95.65,0.21,2.58
1001.81,6.04,95.65,0.21,2.58
1002.06,6.01,95.65,0.21,2.58
1002.31,6.01,95.65,0.21,2.58
1002.56,6.00,95.65,0.21,2.58
1002.81,6.00,95.65,0.21,2.58
1003.06,5.99,95.65,0.21,2.58
1003.31,5.98,95.65,0.21,2.58
1003.57,5.98,95.65,0.21,2.58
1003.82,5.98,95.65,0.21,2.58
1004.07,5.97,95.65,0.21,2.58
1004.32,5.97,95.65,0.21,2.58
1004.57,5.97,95.65,0.21,2.58
1004.82,5.96,95.65,0.21,2.58
1005.07,6.16,95.65,0.21,2.58
1005.32,6.17,95.65,0.21,2.58
1005.57,6.17,95.65,0.21,2.58
1005.82,6.16,95.65,0.21,2.58
1006.07,6.10,95.65,0.21,2.58
1006.32,6.09,95.65,0.21,2.58
1006.57,6.11,95.66,0.21,2.58
1006.82,6.11,95.66,0.21,2.58
1007.07,6.10,95.66,0.21,2.58
1007.33,6.09,95.66,0.21,2.58
1007.58,6.09,95.66,0.21,2.58
1007.83,6.10,95.66,0.21,2.58
1008.08,6.11,95.66,0.21,2.58
1008.33,6.10,95.66,0.21,2.58
1008.58,6.09,95.66,0.21,2.58
1008.83,6.09,95.66,0.21,2.58
1009.08,6.06,95.66,0.21,2.58
1009.33,6.15,95.66,0.21,2.58
1009.58,6.15,95.66,0.21,2.58
1009.83,6.14,95.66,0.21,2.58
1010.08,6.36,95.66,0.21,2.58
1010.33,6.67,95.66,0.21,2.58
1010.58,6.66,95.66,0.21,2.58
1010.83,6.66,95.66,0.21,2.58
1011.08,6.67,95.66,0.21,2.58
1011.33,6.64,95.66,0.21,2.58
1011.58,7.00,95.66,0.21,2.58
1011.84,7.33,95.66,0.21,2.58
1012.09,7.37,95.66,0.21,2.58
1012.34,7.60,95.66,0.21,2.58
1012.59,7.60,95.66,0.21,2.58
1012.84,7.54,95.66,0.21,2.58
1013.09,7.50,95.66,0.21,2.58
1013.34,7.49,95.66,0.21,2.58
1013.59,8.01,95.67,0.21,2.58
1013.84,8.00,95.67,0.21,2.58
1014.09,7.99,95.67,0.21,2.58
1014.34,7.85,95.67,0.21,2.58
1014.59,7.85,95.67,0.21,2.58
1014.84,7.85,95.67,0.21,2.58
1015.09,7.84,95.67,0.21,2.58
1015.34,7.84,95.67,0.21,2.58
1015.59,7.84,95.67,0.21,2.58
1015.85,7.84,95.67,0.21,2.58
1016.10,7.83,95.67,0.21,2.58
1016.35,7.83,95.67,0.21,2.58
1016.60,7.83,95.67,0.21,2.58
1016.85,7.83,95.67,0.21,2.58
1017.10,7.82,95.67,0.21,2.58
1017.35,7.84,95.67,0.21,2.58
1017.60,7.84,95.67,0.21,2.58
1017.85,7.85,95.67,0.21,2.58
1018.10,7.85,95.67,0.21,2.58
1018.35,7.85,95.67,0.21,2.58
1018.60,7.85,95.67,0.21,2.58
1018.85,7.84,95.67,0.21,2.58
1019.10,7.88,95.67,0.21,2.58
1019.35,7.88,95.67,0.21,2.58
1019.60,7.88,95.67,0.21,2.58
1019.86,7.87,95.67,0.21,2.58
1020.11,7.87,95.67,0.21,2.58
1020.36,7.93,95.67,0.21,2.58
1020.61,7.93,95.67,0.21,2.58
1020.86,7.92,95.68,0.21,2.58
1021.11,7.92,95.68,0.21,2.58
1021.36,7.92,95.68,0.21,2.58
1021.61,7.91,95.68,0.21,2.58
1021.86,7.91,95.68,0.21,2.58
1022.11,7.90,95.68,0.21,2.58
1022.36,7.90,95.68,0.21,2.58
1022.61,7.90,95.68,0.21,2.58
1022.86,7.90,95.68,0.21,2.58
1023.11,7.89,95.68,0.21,2.58
1023.36,7.89,95.68,0.21,2.58
1023.61,7.88,95.68,0.21,2.58
1023.86,7.88,95.68,0.21,2.58
1024.12,7.88,95.68,0.21,2.58
1024.37,7.88,95.68,0.21,2.58
1024.62,7.88,95.68,0.21,2.58
1024.87,7.87,95.68,0.21,2.58
1025.12,7.87,95.68,0.21,2.58
1025.37,7.86,95.68,0.21,2.58
1025.62,7.86,95.68,0.21,2.58
1025.87,7.86,95.68,0.21,2.58
1026.12,7.85,95.68,0.21,2.58
1026.37,7.86,95.68,0.21,2.58
1026.62,7.86,95.68,0.21,2.58
1026.87,7.85,95.68,0.21,2.58
1027.12,7.85,95.68,0.21,2.58
1027.37,7.85,95.68,0.21,2.58
1027.62,7.84,95.68,0.21,2.58
1027.87,7.85,95.68,0.21,2.58
1028.12,7.84,95.68,0.21,2.58
1028.38,7.84,95.68,0.21,2.58
1028.63,7.82,95.68,0.21,2.58
1028.88,7.82,95.68,0.21,2.58
1029.13,7.92,95.69,0.21,2.58
1029.38,7.91,95.69,0.21,2.58
1029.63,7.91,95.69,0.21,2.58
1029.88,7.88,95.69,0.21,2.59
1030.13,7.86,95.69,0.21,2.59
1030.38,7.85,95.69,0.21,2.59
1030.63,7.85,95.69,0.21,2.59
1030.88,7.85,95.69,0.21,2.59
1031.13,8.42,95.67,0.21,0.00
