t,mem_available_gib,gtt_used_gib,vram_used_gib,rss_gib
0.00,104.35,0.02,0.16,0.00
0.25,104.25,0.02,0.16,0.16
0.50,102.31,1.87,0.16,0.30
0.75,103.91,0.16,0.16,0.33
1.00,102.62,90.70,0.16,0.27
1.25,96.81,90.70,0.16,0.27
1.50,90.98,90.70,0.16,0.27
1.76,85.44,90.70,0.16,0.27
2.01,79.95,90.70,0.16,0.27
2.26,74.46,90.70,0.16,0.27
2.51,68.94,90.70,0.16,0.27
2.76,63.44,90.70,0.16,0.27
3.01,57.97,90.70,0.16,0.27
3.26,52.54,90.70,0.16,0.27
3.51,47.09,90.70,0.16,0.27
3.76,41.65,90.70,0.16,0.27
4.01,36.20,90.70,0.16,0.27
4.26,30.74,90.70,0.16,0.27
4.51,25.17,90.70,0.16,0.27
4.76,19.77,90.70,0.16,0.27
5.01,14.69,90.70,0.16,0.27
5.26,12.79,90.70,0.17,0.65
5.51,12.94,90.70,0.17,0.65
5.77,12.94,90.70,0.17,0.65
6.02,12.81,90.70,0.17,0.65
6.27,12.66,90.70,0.17,0.65
6.52,12.95,90.70,0.17,0.66
6.77,12.91,90.70,0.17,0.66
7.02,12.90,90.70,0.17,0.66
7.27,12.86,90.70,0.17,0.66
7.52,12.91,90.70,0.17,0.66
7.77,12.89,90.70,0.17,0.66
8.02,12.90,90.70,0.17,0.66
8.27,12.91,90.70,0.17,0.67
8.52,12.89,90.70,0.17,0.67
8.77,12.87,90.70,0.17,0.67
9.02,12.88,90.70,0.17,0.67
9.27,12.81,90.70,0.17,0.67
9.52,12.89,90.70,0.17,0.67
9.77,12.87,90.70,0.17,0.67
10.02,12.86,90.70,0.17,0.67
10.28,12.85,90.70,0.17,0.67
10.53,12.85,90.70,0.17,0.67
10.78,12.83,90.70,0.17,0.67
11.03,12.81,90.70,0.17,0.67
11.28,12.84,90.70,0.17,0.67
11.53,12.83,90.70,0.17,0.67
11.78,12.82,90.70,0.17,0.68
12.03,12.86,90.70,0.17,0.68
12.28,12.84,90.70,0.17,0.68
12.53,12.85,90.70,0.17,0.68
12.78,12.84,90.70,0.17,0.68
13.03,12.80,90.70,0.17,0.68
13.28,12.83,90.70,0.17,0.68
13.53,12.82,90.70,0.17,0.68
13.78,12.81,90.70,0.17,0.68
14.03,12.82,90.70,0.17,0.68
14.28,12.83,90.70,0.17,0.68
14.53,12.82,90.70,0.17,0.68
14.79,12.81,90.70,0.17,0.68
15.04,12.80,90.70,0.17,0.68
15.29,12.80,90.70,0.17,0.69
15.54,12.80,90.70,0.17,0.69
15.79,12.79,90.70,0.17,0.69
16.04,12.76,90.70,0.17,0.69
16.29,12.77,90.70,0.17,0.69
16.54,12.78,90.70,0.17,0.69
16.79,12.78,90.70,0.17,0.69
17.04,12.74,90.70,0.17,0.69
17.29,12.74,90.70,0.17,0.69
17.54,12.72,90.70,0.17,0.69
17.79,12.70,90.70,0.17,0.69
18.04,12.70,90.70,0.17,0.69
18.29,12.70,90.70,0.17,0.69
18.54,12.68,90.70,0.17,0.69
18.79,12.68,90.70,0.17,0.70
19.05,12.67,90.70,0.17,0.70
19.30,12.69,90.70,0.17,0.70
19.55,12.69,90.70,0.17,0.71
19.80,12.68,90.70,0.17,0.71
20.05,12.68,90.70,0.17,0.71
20.30,12.69,90.70,0.17,0.71
20.55,12.72,90.70,0.17,0.71
20.80,12.71,90.70,0.17,0.71
21.05,12.69,90.70,0.17,0.71
21.30,12.65,90.70,0.17,0.71
21.55,12.69,90.70,0.17,0.71
21.80,12.66,90.70,0.17,0.71
22.05,12.98,90.70,0.17,0.71
22.30,13.00,90.70,0.17,0.71
22.55,13.07,90.70,0.17,0.71
22.80,13.06,90.70,0.17,0.71
23.05,13.05,90.70,0.17,0.71
23.31,13.19,90.70,0.17,0.72
23.56,13.26,90.70,0.17,0.72
23.81,13.24,90.70,0.17,0.72
24.06,13.21,90.70,0.17,0.72
24.31,13.18,90.70,0.17,0.72
24.56,13.17,90.70,0.17,0.72
24.81,13.17,90.70,0.17,0.72
25.06,13.17,90.70,0.17,0.72
25.31,13.15,90.70,0.17,0.72
25.56,13.15,90.70,0.17,0.72
25.81,13.15,90.70,0.17,0.72
26.06,13.15,90.70,0.17,0.72
26.31,13.14,90.70,0.17,0.72
26.56,13.16,90.70,0.17,0.72
26.81,13.15,90.70,0.17,0.72
27.06,13.20,90.70,0.17,0.73
27.31,13.15,90.70,0.17,0.73
27.57,13.13,90.70,0.17,0.73
27.82,13.12,90.70,0.17,0.73
28.07,13.10,90.70,0.17,0.73
28.32,13.17,90.70,0.17,0.73
28.57,13.16,90.70,0.17,0.73
28.82,13.16,90.70,0.17,0.73
29.07,13.16,90.70,0.17,0.73
29.32,13.16,90.70,0.17,0.73
29.57,13.14,90.70,0.17,0.73
29.82,13.13,90.70,0.17,0.73
30.07,13.15,90.70,0.17,0.73
30.32,13.16,90.70,0.17,0.73
30.57,13.12,90.70,0.17,0.73
30.82,13.12,90.70,0.17,0.73
31.07,13.12,90.70,0.17,0.74
31.32,13.11,90.70,0.17,0.74
31.58,13.13,90.70,0.17,0.74
31.83,13.09,90.70,0.17,0.74
32.08,13.08,90.70,0.17,0.74
32.33,13.07,90.70,0.17,0.74
32.58,13.08,90.70,0.17,0.74
32.83,13.08,90.70,0.17,0.74
33.08,13.08,90.70,0.17,0.74
33.33,13.04,90.70,0.17,0.74
33.58,13.04,90.70,0.17,0.74
33.83,13.04,90.70,0.17,0.74
34.08,12.99,90.70,0.17,0.74
34.33,13.03,90.70,0.17,0.74
34.58,13.05,90.70,0.17,0.74
34.83,13.03,90.70,0.17,0.75
35.08,13.01,90.70,0.17,0.75
35.33,13.02,90.70,0.17,0.75
35.59,13.04,90.70,0.17,0.75
35.84,13.03,90.70,0.17,0.75
36.09,13.01,90.70,0.17,0.75
36.34,13.00,90.70,0.17,0.75
36.59,13.03,90.70,0.17,0.75
36.84,13.02,90.70,0.17,0.75
37.09,12.98,90.70,0.17,0.75
37.34,13.01,90.70,0.17,0.75
37.59,13.05,90.70,0.17,0.75
37.84,13.00,90.70,0.17,0.75
38.09,13.02,90.70,0.17,0.75
38.34,13.02,90.70,0.17,0.75
38.59,13.02,90.70,0.17,0.76
38.84,12.99,90.70,0.17,0.76
39.09,12.98,90.70,0.17,0.76
39.35,12.94,90.70,0.17,0.76
39.60,12.94,90.70,0.17,0.76
39.85,12.95,90.70,0.17,0.76
40.10,12.96,90.70,0.17,0.76
40.35,12.95,90.70,0.17,0.76
40.60,12.95,90.70,0.17,0.76
40.85,12.95,90.70,0.17,0.76
41.10,12.93,90.70,0.17,0.76
41.35,12.92,90.70,0.17,0.76
41.60,12.90,90.70,0.17,0.78
41.85,12.90,90.70,0.17,0.78
42.10,12.88,90.70,0.17,0.78
42.35,12.88,90.70,0.17,0.78
42.60,12.91,90.70,0.17,0.78
42.85,12.90,90.70,0.17,0.78
43.10,12.92,90.70,0.17,0.78
43.36,12.90,90.70,0.17,0.78
43.61,12.93,90.70,0.17,0.79
43.86,12.91,90.70,0.17,0.79
44.11,12.91,90.70,0.17,0.79
44.36,12.98,90.70,0.17,0.79
44.61,13.16,90.70,0.17,0.79
44.86,13.19,90.70,0.17,0.79
45.11,13.17,90.70,0.17,0.79
45.36,13.18,90.70,0.17,0.79
45.61,13.17,90.70,0.17,0.79
45.86,13.83,90.70,0.17,0.79
46.11,14.26,90.70,0.17,0.79
46.36,14.21,90.70,0.17,0.79
46.61,14.89,90.70,0.17,0.79
46.86,14.88,90.70,0.17,0.79
47.11,14.85,90.70,0.17,0.79
47.36,14.82,90.70,0.17,0.79
47.61,14.83,90.70,0.17,0.79
47.86,14.82,90.70,0.17,0.80
48.11,14.81,90.70,0.17,0.80
48.36,14.82,90.70,0.17,0.80
48.61,14.82,90.70,0.17,0.80
48.86,14.81,90.70,0.17,0.80
49.11,14.81,90.70,0.17,0.80
49.37,14.82,90.70,0.17,0.80
49.62,14.81,90.70,0.17,0.80
49.87,14.81,90.70,0.17,0.80
50.12,14.81,90.70,0.17,0.80
50.37,14.85,90.70,0.17,0.80
50.62,14.81,90.70,0.17,0.80
50.87,14.82,90.70,0.17,0.80
51.12,14.80,90.70,0.17,0.80
51.37,14.79,90.70,0.17,0.80
51.62,14.82,90.70,0.17,0.80
51.87,14.87,90.70,0.17,0.81
52.12,14.88,90.70,0.17,0.81
52.37,14.87,90.70,0.17,0.81
52.62,14.86,90.70,0.17,0.81
52.87,14.86,90.70,0.17,0.81
53.12,14.85,90.70,0.17,0.81
53.37,14.87,90.70,0.17,0.81
53.63,14.84,90.70,0.17,0.81
53.88,14.84,90.70,0.17,0.81
54.13,14.83,90.70,0.17,0.81
54.38,14.83,90.70,0.17,0.81
54.63,14.82,90.70,0.17,0.81
54.88,14.80,90.70,0.17,0.81
55.13,14.79,90.70,0.17,0.81
55.38,14.80,90.70,0.17,0.81
55.63,14.79,90.70,0.17,0.81
55.88,14.79,90.70,0.17,0.82
56.13,14.78,90.70,0.17,0.82
56.38,14.79,90.70,0.17,0.82
56.63,14.80,90.70,0.17,0.82
56.88,14.79,90.70,0.17,0.82
57.13,14.77,90.70,0.17,0.82
57.39,14.75,90.70,0.17,0.82
57.64,14.78,90.70,0.17,0.82
57.89,14.79,90.70,0.17,0.82
58.14,14.78,90.70,0.17,0.82
58.39,14.82,90.70,0.17,0.82
58.64,14.84,90.70,0.17,0.82
58.89,14.85,90.70,0.17,0.82
59.14,14.83,90.70,0.17,0.82
59.39,14.85,90.70,0.17,0.83
59.64,14.84,90.70,0.17,0.83
59.89,14.85,90.70,0.17,0.83
60.14,14.81,90.70,0.17,0.83
60.39,14.84,90.70,0.17,0.83
60.64,14.82,90.70,0.17,0.83
60.90,14.80,90.70,0.17,0.83
61.15,14.80,90.70,0.17,0.83
61.40,14.78,90.70,0.17,0.83
61.65,14.80,90.70,0.17,0.83
61.90,14.78,90.70,0.17,0.83
62.15,14.79,90.70,0.17,0.83
62.40,14.76,90.70,0.17,0.83
62.65,14.77,90.70,0.17,0.83
62.90,14.77,90.70,0.17,0.83
63.15,14.76,90.70,0.17,0.84
63.40,14.73,90.70,0.17,0.84
63.65,14.77,90.70,0.17,0.84
63.90,14.76,90.70,0.17,0.84
64.15,14.74,90.70,0.17,0.84
64.40,14.80,90.70,0.17,0.84
64.66,14.74,90.70,0.17,0.84
64.91,14.75,90.70,0.17,0.84
65.16,14.77,90.70,0.17,0.84
65.41,14.71,90.70,0.17,0.84
65.66,14.76,90.70,0.17,0.84
65.91,14.74,90.70,0.17,0.84
66.16,14.72,90.70,0.17,0.84
66.41,14.83,90.70,0.17,0.84
66.66,14.80,90.70,0.17,0.84
66.91,14.79,90.70,0.17,0.84
67.16,14.77,90.70,0.17,0.84
67.41,14.74,90.70,0.17,0.84
67.66,13.71,92.77,0.17,0.84
67.91,12.15,93.28,0.18,0.90
68.16,11.41,94.53,0.18,0.91
68.41,10.39,94.54,0.18,1.40
68.66,9.29,95.44,0.18,1.58
68.92,8.84,95.45,0.18,2.02
69.17,8.82,95.45,0.18,2.04
69.42,8.80,95.45,0.18,2.04
69.67,8.79,95.45,0.18,2.04
69.92,8.79,95.45,0.18,2.04
70.17,8.69,95.48,0.18,2.11
70.42,8.69,95.49,0.18,2.12
70.67,8.68,95.49,0.18,2.10
70.92,8.65,95.52,0.18,2.10
71.17,8.18,95.68,0.18,2.27
71.42,8.18,95.81,0.18,2.28
71.67,8.17,95.81,0.18,2.28
71.92,8.14,95.81,0.18,2.28
72.17,8.14,95.81,0.18,2.28
72.42,8.13,95.82,0.18,2.28
72.68,8.11,95.82,0.18,2.28
72.93,8.11,95.82,0.18,2.28
73.18,8.11,95.82,0.18,2.28
73.43,8.10,95.82,0.18,2.28
73.68,8.10,95.82,0.18,2.28
73.93,8.10,95.82,0.18,2.28
74.18,8.10,95.82,0.18,2.28
74.43,8.09,95.82,0.18,2.28
74.68,8.08,95.82,0.18,2.28
74.93,8.08,95.82,0.18,2.28
75.18,8.08,95.82,0.18,2.28
75.43,8.07,95.82,0.18,2.28
75.68,8.07,95.82,0.18,2.28
75.93,8.07,95.82,0.18,2.28
76.18,8.06,95.82,0.18,2.28
76.43,8.06,95.82,0.18,2.28
76.68,8.06,95.82,0.18,2.28
76.93,8.05,95.82,0.18,2.28
77.18,8.05,95.82,0.18,2.28
77.43,8.04,95.82,0.18,2.28
77.69,8.04,95.82,0.18,2.28
77.94,8.04,95.82,0.18,2.28
78.19,8.03,95.82,0.18,2.28
78.44,8.03,95.82,0.18,2.28
78.69,8.02,95.82,0.18,2.28
78.94,8.02,95.82,0.18,2.28
79.19,8.02,95.82,0.18,2.28
79.44,8.01,95.82,0.18,2.28
79.69,8.01,95.82,0.18,2.28
79.94,8.01,95.82,0.18,2.28
80.19,8.01,95.82,0.18,2.28
80.44,8.00,95.82,0.18,2.28
80.69,8.01,95.82,0.18,2.28
80.94,8.01,95.82,0.18,2.28
81.19,8.01,95.82,0.18,2.28
81.44,8.01,95.82,0.18,2.28
81.69,8.01,95.82,0.18,2.28
81.94,8.01,95.82,0.18,2.28
82.19,8.00,95.82,0.18,2.28
82.44,8.00,95.82,0.18,2.28
82.69,7.99,95.82,0.18,2.28
82.94,7.99,95.82,0.18,2.28
83.20,7.99,95.82,0.18,2.28
83.45,7.99,95.82,0.18,2.28
83.70,7.99,95.82,0.18,2.28
83.95,7.99,95.82,0.18,2.28
84.20,7.98,95.82,0.18,2.28
84.45,7.98,95.82,0.18,2.28
84.70,7.98,95.82,0.18,2.28
84.95,7.98,95.82,0.18,2.28
85.20,7.97,95.82,0.18,2.28
85.45,7.97,95.82,0.18,2.28
85.70,7.97,95.82,0.18,2.28
85.95,7.97,95.82,0.18,2.28
86.20,7.97,95.82,0.18,2.28
86.45,7.96,95.82,0.18,2.28
86.70,7.95,95.82,0.18,2.28
86.95,7.95,95.82,0.18,2.28
87.20,7.95,95.82,0.18,2.28
87.45,7.95,95.82,0.18,2.28
87.70,7.94,95.82,0.18,2.28
87.96,7.94,95.82,0.18,2.28
88.21,7.94,95.82,0.18,2.28
88.46,7.94,95.82,0.18,2.28
88.71,7.93,95.82,0.18,2.28
88.96,7.93,95.82,0.18,2.28
89.21,7.93,95.82,0.18,2.28
89.46,7.93,95.82,0.18,2.28
89.71,7.92,95.82,0.18,2.28
89.96,7.93,95.82,0.18,2.28
90.21,7.92,95.82,0.18,2.28
90.46,7.92,95.82,0.18,2.28
90.71,7.91,95.82,0.18,2.28
90.96,7.91,95.82,0.18,2.28
91.21,7.90,95.82,0.18,2.28
91.46,7.90,95.82,0.18,2.28
91.71,7.90,95.82,0.18,2.28
91.96,7.90,95.82,0.18,2.28
92.21,7.90,95.82,0.18,2.28
92.46,7.91,95.82,0.18,2.28
92.71,7.90,95.82,0.18,2.28
92.96,7.90,95.82,0.18,2.28
93.21,7.89,95.82,0.18,2.28
93.46,7.89,95.82,0.18,2.28
93.71,7.89,95.82,0.18,2.28
93.97,7.89,95.82,0.18,2.28
94.22,7.88,95.82,0.18,2.28
94.47,7.88,95.82,0.18,2.28
94.72,7.87,95.82,0.18,2.28
94.97,7.87,95.82,0.18,2.28
95.22,7.87,95.82,0.18,2.28
95.47,7.86,95.82,0.18,2.28
95.72,7.86,95.82,0.18,2.28
95.97,7.85,95.82,0.18,2.28
96.22,7.67,95.88,0.18,2.40
96.47,7.67,95.88,0.18,2.40
96.72,7.65,95.88,0.18,2.42
96.97,7.71,95.88,0.18,2.42
97.22,7.70,95.88,0.18,2.42
97.47,7.67,95.88,0.18,2.42
97.72,7.67,95.88,0.18,2.42
97.97,7.67,95.88,0.18,2.42
98.22,7.67,95.88,0.18,2.42
98.47,7.66,95.88,0.18,2.42
98.72,7.66,95.88,0.18,2.42
98.97,7.66,95.88,0.18,2.42
99.22,7.65,95.88,0.18,2.42
99.48,7.65,95.88,0.18,2.42
99.73,7.64,95.88,0.18,2.42
99.98,7.64,95.88,0.18,2.42
100.23,7.63,95.88,0.18,2.42
100.48,7.61,95.88,0.18,2.42
100.73,7.62,95.88,0.18,2.42
100.98,7.62,95.88,0.18,2.42
101.23,7.62,95.88,0.18,2.42
101.48,7.62,95.88,0.18,2.42
101.73,7.61,95.88,0.18,2.42
101.98,7.61,95.88,0.18,2.42
102.23,7.61,95.88,0.18,2.42
102.48,7.60,95.88,0.18,2.42
102.73,7.60,95.88,0.18,2.42
102.98,7.61,95.88,0.18,2.42
103.23,7.60,95.88,0.18,2.42
103.48,7.59,95.88,0.18,2.42
103.73,7.59,95.88,0.18,2.42
103.98,7.59,95.88,0.18,2.42
104.23,7.58,95.88,0.18,2.42
104.48,7.58,95.88,0.18,2.42
104.73,7.57,95.88,0.18,2.42
104.98,7.57,95.88,0.18,2.42
105.24,7.56,95.88,0.18,2.42
105.49,7.55,95.88,0.18,2.42
105.74,7.56,95.88,0.18,2.42
105.99,7.56,95.88,0.18,2.42
106.24,7.56,95.88,0.18,2.42
106.49,7.55,95.88,0.18,2.42
106.74,7.55,95.88,0.18,2.42
106.99,7.54,95.88,0.18,2.42
107.24,7.54,95.88,0.18,2.42
107.49,7.54,95.88,0.18,2.42
107.74,7.53,95.88,0.18,2.42
107.99,7.53,95.88,0.18,2.42
108.24,7.53,95.88,0.18,2.42
108.49,7.53,95.88,0.18,2.42
108.74,7.52,95.88,0.18,2.42
108.99,7.52,95.88,0.18,2.42
109.24,7.52,95.88,0.18,2.42
109.49,7.51,95.88,0.18,2.42
109.74,7.51,95.88,0.18,2.42
109.99,7.51,95.88,0.18,2.42
110.24,7.51,95.88,0.18,2.42
110.49,7.50,95.88,0.18,2.42
110.74,7.49,95.88,0.18,2.42
110.99,7.49,95.88,0.18,2.42
111.24,7.49,95.88,0.18,2.42
111.49,7.48,95.88,0.18,2.42
111.74,7.48,95.88,0.18,2.42
111.99,7.48,95.88,0.18,2.42
112.25,7.48,95.88,0.18,2.42
112.50,7.47,95.88,0.18,2.42
112.75,7.47,95.88,0.18,2.42
113.00,7.47,95.88,0.18,2.42
113.25,7.47,95.88,0.18,2.42
113.50,7.47,95.88,0.18,2.42
113.75,7.47,95.88,0.18,2.42
114.00,7.47,95.88,0.18,2.42
114.25,7.46,95.88,0.18,2.42
114.50,7.46,95.88,0.18,2.42
114.75,7.45,95.88,0.18,2.42
115.00,7.45,95.88,0.18,2.42
115.25,7.45,95.88,0.18,2.42
115.50,7.44,95.88,0.18,2.42
115.75,7.44,95.88,0.18,2.42
116.00,7.43,95.88,0.18,2.42
116.25,7.43,95.88,0.18,2.42
116.50,7.43,95.88,0.18,2.42
116.75,7.43,95.88,0.18,2.42
117.00,7.42,95.88,0.18,2.42
117.25,7.42,95.88,0.18,2.42
117.50,7.41,95.88,0.18,2.42
117.76,7.41,95.88,0.18,2.42
118.01,7.41,95.88,0.18,2.42
118.26,7.40,95.88,0.18,2.42
118.51,7.40,95.88,0.18,2.42
118.76,7.40,95.88,0.18,2.42
119.01,7.40,95.88,0.18,2.42
119.26,7.40,95.88,0.18,2.42
119.51,7.38,95.88,0.18,2.42
119.76,7.38,95.88,0.18,2.42
120.01,7.38,95.88,0.18,2.42
120.26,7.38,95.88,0.18,2.42
120.51,7.37,95.88,0.18,2.42
120.76,7.37,95.88,0.18,2.42
121.01,7.37,95.88,0.18,2.42
121.26,7.37,95.88,0.18,2.42
121.51,7.36,95.88,0.18,2.42
121.76,7.36,95.88,0.18,2.42
122.01,7.35,95.88,0.18,2.42
122.26,7.35,95.88,0.18,2.42
122.51,7.35,95.88,0.18,2.42
122.76,7.34,95.88,0.18,2.42
123.01,7.34,95.88,0.18,2.42
123.26,7.34,95.88,0.18,2.42
123.52,7.33,95.88,0.18,2.42
123.77,7.33,95.88,0.18,2.42
124.02,7.33,95.88,0.18,2.42
124.27,7.27,95.88,0.18,2.46
124.52,7.26,95.88,0.18,2.46
124.77,7.26,95.88,0.18,2.46
125.02,7.26,95.88,0.18,2.46
125.27,7.25,95.88,0.18,2.46
125.52,7.24,95.88,0.18,2.46
125.77,7.24,95.88,0.18,2.46
126.02,7.24,95.88,0.18,2.46
126.27,7.33,95.88,0.18,2.46
126.52,7.32,95.88,0.18,2.46
126.77,7.31,95.88,0.18,2.46
127.02,7.30,95.88,0.18,2.46
127.27,7.30,95.88,0.18,2.46
127.52,7.29,95.88,0.18,2.46
127.77,7.29,95.88,0.18,2.46
128.02,7.29,95.88,0.18,2.46
128.27,7.28,95.88,0.18,2.46
128.52,7.27,95.88,0.18,2.46
128.78,7.27,95.88,0.18,2.46
129.03,7.26,95.88,0.18,2.46
129.28,7.26,95.88,0.18,2.46
129.53,7.26,95.88,0.18,2.46
129.78,7.25,95.88,0.18,2.46
130.03,7.25,95.88,0.18,2.46
130.28,7.24,95.88,0.18,2.46
130.53,7.23,95.88,0.18,2.46
130.78,7.23,95.88,0.18,2.46
131.03,7.22,95.88,0.18,2.46
131.28,7.22,95.88,0.18,2.46
131.53,7.21,95.88,0.18,2.46
131.78,7.21,95.88,0.18,2.46
132.03,7.21,95.88,0.18,2.46
132.28,7.26,95.88,0.18,2.46
132.53,7.23,95.88,0.18,2.46
132.78,7.23,95.88,0.18,2.46
133.03,7.22,95.88,0.18,2.46
133.28,7.22,95.88,0.18,2.46
133.53,7.20,95.88,0.18,2.46
133.78,7.21,95.88,0.18,2.46
134.03,7.20,95.88,0.18,2.46
134.28,7.19,95.88,0.18,2.46
134.54,7.18,95.88,0.18,2.46
134.79,7.18,95.88,0.18,2.46
135.04,7.18,95.88,0.18,2.46
135.29,7.16,95.88,0.18,2.46
135.54,7.20,95.88,0.18,2.46
135.79,7.20,95.88,0.18,2.46
136.04,7.19,95.88,0.18,2.46
136.29,7.19,95.88,0.18,2.46
136.54,7.16,95.88,0.18,2.46
136.79,7.19,95.88,0.18,2.42
137.04,7.04,95.88,0.19,2.56
137.29,7.09,95.88,0.19,2.56
137.54,7.05,95.88,0.19,2.56
137.79,7.05,95.88,0.19,2.56
138.04,7.04,95.88,0.19,2.56
138.29,7.04,95.88,0.19,2.56
138.54,7.03,95.88,0.19,2.56
138.79,7.02,95.88,0.19,2.56
139.04,7.02,95.88,0.19,2.56
139.29,7.07,95.88,0.19,2.56
139.54,7.05,95.88,0.19,2.56
139.79,7.05,95.88,0.19,2.56
140.04,7.04,95.88,0.19,2.56
140.29,7.03,95.88,0.19,2.56
140.55,7.00,95.88,0.19,2.56
140.80,7.04,95.88,0.19,2.56
141.05,7.02,95.88,0.19,2.56
141.30,7.01,95.88,0.19,2.56
141.55,7.00,95.88,0.19,2.56
141.80,6.99,95.88,0.19,2.56
142.05,6.99,95.88,0.19,2.56
142.30,6.98,95.88,0.19,2.56
142.55,6.95,95.88,0.19,2.56
142.80,6.95,95.88,0.19,2.56
143.05,6.95,95.88,0.19,2.56
143.30,6.95,95.88,0.19,2.56
143.55,6.99,95.88,0.19,2.56
143.80,6.99,95.88,0.19,2.56
144.05,6.98,95.88,0.19,2.56
144.30,6.98,95.88,0.19,2.56
144.55,6.96,95.88,0.19,2.56
144.80,6.96,95.88,0.19,2.56
145.05,6.83,95.88,0.19,2.70
145.30,6.82,95.88,0.19,2.71
145.55,6.78,95.88,0.19,2.71
145.81,6.78,95.88,0.19,2.71
146.06,6.77,95.88,0.19,2.71
146.31,6.76,95.88,0.19,2.71
146.56,6.75,95.88,0.19,2.71
146.81,6.75,95.88,0.19,2.71
147.06,6.75,95.88,0.19,2.71
147.31,6.75,95.88,0.19,2.71
147.56,6.74,95.88,0.19,2.71
147.81,6.72,95.88,0.19,2.71
148.06,6.72,95.88,0.19,2.71
148.31,6.72,95.88,0.19,2.71
148.56,6.71,95.88,0.19,2.71
148.81,6.70,95.88,0.19,2.71
149.06,6.70,95.88,0.19,2.71
149.31,6.70,95.88,0.19,2.71
149.57,6.69,95.88,0.19,2.71
149.82,6.68,95.88,0.19,2.71
150.07,6.65,95.88,0.19,2.71
150.32,6.65,95.88,0.19,2.71
150.57,6.64,95.88,0.19,2.71
150.82,6.64,95.88,0.19,2.71
151.07,6.63,95.88,0.19,2.71
151.32,6.63,95.88,0.19,2.71
151.57,6.62,95.88,0.19,2.71
151.82,6.62,95.88,0.19,2.71
152.07,6.61,95.88,0.19,2.71
152.32,6.61,95.88,0.19,2.71
152.57,6.62,95.88,0.19,2.71
152.82,6.62,95.88,0.19,2.71
153.07,6.61,95.88,0.19,2.71
153.32,6.61,95.88,0.19,2.71
153.58,6.61,95.88,0.19,2.71
153.83,6.61,95.88,0.19,2.71
154.08,6.58,95.88,0.19,2.71
154.33,6.58,95.88,0.19,2.71
154.58,6.58,95.88,0.19,2.71
154.83,6.58,95.88,0.19,2.71
155.08,6.58,95.88,0.19,2.71
155.33,6.58,95.88,0.19,2.71
155.58,6.58,95.88,0.19,2.71
155.83,6.58,95.88,0.19,2.71
156.08,6.57,95.88,0.19,2.71
156.33,6.57,95.88,0.19,2.71
156.58,6.57,95.88,0.19,2.71
156.83,6.57,95.88,0.19,2.71
157.08,6.56,95.88,0.19,2.71
157.33,6.57,95.88,0.19,2.71
157.59,6.57,95.88,0.19,2.71
157.84,6.57,95.88,0.19,2.71
158.09,6.57,95.88,0.19,2.71
158.34,6.69,95.88,0.19,2.71
158.59,6.67,95.88,0.19,2.71
158.84,6.65,95.88,0.19,2.71
159.09,6.63,95.88,0.19,2.71
159.34,6.62,95.88,0.19,2.71
159.59,6.62,95.89,0.19,2.71
159.84,6.61,95.89,0.19,2.71
160.09,6.62,95.89,0.19,2.71
160.34,6.62,95.89,0.19,2.71
160.59,6.60,95.89,0.19,2.71
160.84,6.58,95.89,0.19,2.71
161.09,6.58,95.89,0.19,2.71
161.35,6.56,95.89,0.19,2.71
161.60,6.56,95.89,0.19,2.71
161.85,6.57,95.89,0.19,2.71
162.10,6.56,95.89,0.19,2.71
162.35,6.54,95.89,0.19,2.71
162.60,6.54,95.89,0.19,2.71
162.85,6.53,95.89,0.19,2.71
163.10,6.50,95.89,0.19,2.71
163.35,6.50,95.89,0.19,2.71
163.60,6.51,95.88,0.19,2.71
163.85,6.50,95.88,0.19,2.71
164.10,6.51,95.88,0.19,2.71
164.35,6.51,95.88,0.19,2.71
164.60,6.51,95.88,0.19,2.71
164.86,6.50,95.88,0.19,2.71
165.11,6.50,95.88,0.19,2.71
165.36,6.50,95.88,0.19,2.71
165.61,6.52,95.88,0.19,2.71
165.86,6.52,95.88,0.19,2.71
166.11,6.51,95.88,0.19,2.71
166.36,6.51,95.88,0.19,2.71
166.61,6.50,95.88,0.19,2.71
166.86,6.50,95.88,0.19,2.71
167.11,6.50,95.88,0.19,2.71
167.36,6.49,95.88,0.19,2.71
167.61,6.49,95.88,0.19,2.71
167.86,6.49,95.88,0.19,2.71
168.11,6.48,95.89,0.19,2.71
168.36,6.48,95.89,0.19,2.71
168.61,6.45,95.89,0.19,2.71
168.87,6.45,95.89,0.19,2.71
169.12,6.45,95.88,0.19,2.71
169.37,6.45,95.88,0.19,2.71
169.62,6.44,95.88,0.19,2.71
169.87,6.44,95.88,0.19,2.71
170.12,6.44,95.88,0.19,2.71
170.37,6.43,95.88,0.19,2.71
170.62,6.44,95.88,0.19,2.71
170.87,6.44,95.88,0.19,2.71
171.12,6.43,95.88,0.19,2.71
171.37,6.43,95.88,0.19,2.71
171.62,6.42,95.88,0.19,2.71
171.87,6.43,95.88,0.19,2.71
172.12,6.42,95.88,0.19,2.71
172.38,6.42,95.88,0.19,2.71
172.63,6.42,95.89,0.19,2.71
172.88,6.41,95.89,0.19,2.71
173.13,6.41,95.89,0.19,2.71
173.38,6.40,95.89,0.19,2.71
173.63,6.40,95.89,0.19,2.71
173.88,6.40,95.89,0.19,2.71
174.13,6.40,95.88,0.19,2.71
174.38,6.38,95.88,0.19,2.71
174.63,6.38,95.88,0.19,2.71
174.88,6.38,95.88,0.19,2.71
175.13,6.38,95.88,0.19,2.71
175.38,6.38,95.88,0.19,2.71
175.63,6.38,95.88,0.19,2.71
175.88,6.38,95.88,0.19,2.71
176.14,6.38,95.88,0.19,2.71
176.39,6.37,95.88,0.19,2.71
176.64,6.37,95.88,0.19,2.71
176.89,6.39,95.88,0.19,2.71
177.14,6.38,95.88,0.19,2.71
177.39,6.38,95.88,0.19,2.71
177.64,6.37,95.88,0.19,2.71
177.89,6.78,95.89,0.19,2.29
178.14,6.78,95.89,0.19,2.29
178.39,6.63,95.89,0.19,2.43
178.64,6.63,95.89,0.19,2.43
178.89,6.62,95.89,0.19,2.43
179.14,6.62,95.89,0.19,2.43
179.39,6.61,95.89,0.19,2.43
179.64,6.61,95.89,0.19,2.43
179.89,6.61,95.89,0.19,2.43
180.14,6.61,95.89,0.19,2.43
180.39,6.59,95.89,0.19,2.43
180.64,6.59,95.89,0.19,2.43
180.90,6.58,95.89,0.19,2.43
181.15,6.57,95.89,0.19,2.43
181.40,6.57,95.89,0.19,2.43
181.65,6.57,95.89,0.19,2.43
181.90,6.57,95.89,0.19,2.43
182.15,6.56,95.89,0.19,2.43
182.40,6.56,95.89,0.19,2.43
182.65,6.56,95.89,0.19,2.43
182.90,6.56,95.89,0.19,2.43
183.15,6.56,95.89,0.19,2.43
183.40,6.55,95.89,0.19,2.43
183.65,6.55,95.89,0.19,2.43
183.90,6.54,95.89,0.19,2.43
184.15,6.54,95.89,0.19,2.43
184.40,6.53,95.89,0.19,2.43
184.65,6.53,95.89,0.19,2.43
184.90,6.53,95.89,0.19,2.43
185.15,6.53,95.89,0.19,2.43
185.40,6.53,95.89,0.19,2.43
185.65,6.52,95.89,0.19,2.43
185.90,6.52,95.89,0.19,2.43
186.16,6.52,95.89,0.19,2.43
186.41,6.52,95.89,0.19,2.43
186.66,6.52,95.89,0.19,2.43
186.91,6.51,95.89,0.19,2.43
187.16,6.51,95.89,0.19,2.43
187.41,6.51,95.89,0.19,2.43
187.66,6.51,95.89,0.19,2.43
187.91,6.50,95.89,0.19,2.43
188.16,6.50,95.89,0.19,2.43
188.41,6.50,95.89,0.19,2.43
188.66,6.50,95.89,0.19,2.43
188.91,6.49,95.89,0.19,2.43
189.16,6.49,95.89,0.19,2.43
189.41,6.49,95.89,0.19,2.43
189.66,6.48,95.89,0.19,2.43
189.91,6.48,95.89,0.19,2.43
190.16,6.48,95.89,0.19,2.43
190.41,6.47,95.89,0.19,2.43
190.66,6.47,95.89,0.19,2.43
190.91,6.47,95.89,0.19,2.43
191.16,6.47,95.89,0.19,2.43
191.41,6.46,95.89,0.19,2.43
191.66,6.46,95.89,0.19,2.43
191.91,6.46,95.89,0.19,2.43
192.17,6.45,95.89,0.19,2.43
192.42,6.45,95.89,0.19,2.43
192.67,6.45,95.89,0.19,2.43
192.92,6.44,95.89,0.19,2.43
193.17,6.44,95.89,0.19,2.43
193.42,6.44,95.89,0.19,2.43
193.67,6.44,95.89,0.19,2.43
193.92,6.44,95.89,0.19,2.43
194.17,6.43,95.89,0.19,2.43
194.42,6.43,95.89,0.19,2.43
194.67,6.43,95.89,0.19,2.43
194.92,6.43,95.89,0.19,2.43
195.17,6.42,95.89,0.19,2.43
195.42,6.41,95.89,0.19,2.43
195.67,6.41,95.89,0.19,2.43
195.92,6.41,95.89,0.19,2.43
196.17,6.41,95.89,0.19,2.43
196.42,6.41,95.89,0.19,2.43
196.67,6.41,95.89,0.19,2.43
196.92,6.40,95.89,0.19,2.43
197.17,6.40,95.89,0.19,2.43
197.42,6.39,95.89,0.19,2.43
197.67,6.39,95.89,0.19,2.43
197.92,6.39,95.89,0.19,2.43
198.18,6.39,95.89,0.19,2.43
198.43,6.38,95.89,0.19,2.43
198.68,6.38,95.89,0.19,2.43
198.93,6.38,95.89,0.19,2.43
199.18,6.37,95.89,0.19,2.43
199.43,6.37,95.89,0.19,2.43
199.68,6.37,95.89,0.19,2.43
199.93,6.36,95.89,0.19,2.43
200.18,6.36,95.89,0.19,2.43
200.43,6.35,95.89,0.19,2.43
200.68,6.35,95.89,0.19,2.43
200.93,6.35,95.89,0.19,2.43
201.18,6.34,95.89,0.19,2.43
201.43,6.34,95.89,0.19,2.43
201.68,6.33,95.89,0.19,2.43
201.93,6.33,95.89,0.19,2.43
202.18,6.33,95.89,0.19,2.43
202.43,6.33,95.89,0.19,2.43
202.68,6.33,95.89,0.19,2.43
202.93,6.32,95.89,0.19,2.43
203.18,6.32,95.89,0.19,2.43
203.43,6.32,95.89,0.19,2.43
203.68,6.26,95.88,0.19,2.48
203.93,6.26,95.88,0.19,2.48
204.19,6.19,95.88,0.19,2.54
204.44,6.19,95.88,0.19,2.54
204.69,6.18,95.88,0.19,2.54
204.94,6.18,95.88,0.19,2.54
205.19,6.17,95.88,0.19,2.54
205.44,6.17,95.88,0.19,2.54
205.69,6.17,95.88,0.19,2.54
205.94,6.17,95.88,0.19,2.54
206.19,6.16,95.88,0.19,2.54
206.44,6.15,95.88,0.19,2.54
206.69,6.15,95.88,0.19,2.54
206.94,6.15,95.88,0.19,2.54
207.19,6.15,95.88,0.19,2.54
207.44,6.14,95.88,0.19,2.54
207.69,6.14,95.88,0.19,2.54
207.94,6.14,95.88,0.19,2.54
208.19,6.14,95.88,0.19,2.54
208.44,6.15,95.88,0.19,2.54
208.69,6.15,95.88,0.19,2.54
208.94,6.15,95.88,0.19,2.54
209.19,6.15,95.88,0.19,2.54
209.44,6.15,95.88,0.19,2.54
209.69,6.15,95.88,0.19,2.54
209.94,6.14,95.88,0.19,2.54
210.19,6.14,95.88,0.19,2.54
210.45,6.14,95.88,0.19,2.54
210.70,6.14,95.88,0.19,2.54
210.95,6.14,95.88,0.19,2.54
211.20,6.14,95.88,0.19,2.54
211.45,6.13,95.88,0.19,2.54
211.70,6.13,95.88,0.19,2.54
211.95,6.13,95.88,0.19,2.54
212.20,6.13,95.88,0.19,2.54
212.45,6.13,95.88,0.19,2.54
212.70,6.12,95.88,0.19,2.54
212.95,6.12,95.88,0.19,2.54
213.20,6.12,95.88,0.19,2.54
213.45,6.11,95.88,0.19,2.54
213.70,6.12,95.88,0.19,2.54
213.95,6.11,95.88,0.19,2.54
214.20,6.11,95.88,0.19,2.54
214.45,6.11,95.88,0.19,2.54
214.70,6.11,95.88,0.19,2.54
214.95,6.11,95.88,0.19,2.54
215.20,6.10,95.88,0.19,2.54
215.45,6.10,95.88,0.19,2.54
215.70,6.10,95.88,0.19,2.54
215.95,6.10,95.88,0.19,2.54
216.20,6.09,95.88,0.19,2.54
216.46,6.09,95.88,0.19,2.54
216.71,6.09,95.88,0.19,2.54
216.96,6.09,95.88,0.19,2.54
217.21,6.09,95.88,0.19,2.54
217.46,6.08,95.88,0.19,2.54
217.71,6.08,95.88,0.19,2.54
217.96,6.08,95.88,0.19,2.54
218.21,6.07,95.88,0.19,2.54
218.46,6.08,95.88,0.19,2.54
218.71,6.08,95.88,0.19,2.54
218.96,6.08,95.88,0.19,2.54
219.21,6.08,95.88,0.19,2.54
219.46,6.08,95.88,0.19,2.54
219.71,6.08,95.88,0.19,2.54
219.96,6.07,95.88,0.19,2.54
220.21,6.07,95.88,0.19,2.54
220.46,6.07,95.88,0.19,2.54
220.71,6.07,95.88,0.19,2.54
220.96,6.06,95.88,0.19,2.54
221.21,6.06,95.88,0.19,2.54
221.46,6.06,95.88,0.19,2.54
221.71,6.06,95.88,0.19,2.54
221.96,6.06,95.88,0.19,2.54
222.22,6.06,95.88,0.19,2.54
222.47,6.06,95.88,0.19,2.54
222.72,6.06,95.88,0.19,2.54
222.97,6.06,95.88,0.19,2.54
223.22,6.06,95.88,0.19,2.54
223.47,6.06,95.88,0.19,2.54
223.72,6.06,95.88,0.19,2.54
223.97,6.05,95.88,0.19,2.54
224.22,6.05,95.88,0.19,2.54
224.47,6.06,95.88,0.19,2.54
224.72,6.05,95.88,0.19,2.54
224.97,6.05,95.88,0.19,2.54
225.22,6.05,95.88,0.19,2.54
225.47,6.06,95.88,0.19,2.54
225.72,6.05,95.88,0.19,2.54
225.97,6.05,95.88,0.19,2.54
226.22,6.05,95.88,0.19,2.54
226.47,6.05,95.88,0.19,2.54
226.72,6.05,95.88,0.19,2.54
226.97,6.05,95.88,0.19,2.54
227.22,6.05,95.88,0.19,2.54
227.47,6.05,95.88,0.19,2.54
227.72,6.05,95.88,0.19,2.54
227.98,6.05,95.88,0.19,2.54
228.23,6.04,95.88,0.19,2.54
228.48,6.04,95.88,0.19,2.54
228.73,6.04,95.88,0.19,2.54
228.98,6.04,95.88,0.19,2.54
229.23,6.04,95.88,0.19,2.54
229.48,6.04,95.88,0.19,2.54
229.73,6.03,95.88,0.19,2.54
229.98,6.03,95.88,0.19,2.54
230.23,6.03,95.88,0.19,2.54
230.48,6.02,95.88,0.19,2.54
230.73,6.02,95.88,0.19,2.54
230.98,6.02,95.88,0.19,2.54
231.23,6.02,95.88,0.19,2.54
231.48,6.02,95.88,0.19,2.54
231.73,6.01,95.88,0.19,2.54
231.98,6.01,95.88,0.19,2.54
232.23,6.01,95.88,0.19,2.54
232.48,5.99,95.88,0.19,2.56
232.73,5.99,95.88,0.19,2.56
232.98,5.83,95.88,0.19,2.70
233.23,5.83,95.88,0.19,2.70
233.49,5.83,95.88,0.19,2.70
233.74,5.82,95.88,0.19,2.70
233.99,5.82,95.88,0.19,2.70
234.24,5.82,95.88,0.19,2.70
234.49,5.82,95.88,0.19,2.70
234.74,5.81,95.88,0.19,2.70
234.99,5.81,95.88,0.19,2.70
235.24,5.81,95.88,0.19,2.70
235.49,5.81,95.88,0.19,2.70
235.74,5.81,95.88,0.19,2.70
235.99,5.80,95.88,0.19,2.70
236.24,5.80,95.88,0.19,2.70
236.49,5.79,95.88,0.19,2.70
236.74,5.79,95.88,0.19,2.70
236.99,5.79,95.88,0.19,2.70
237.24,5.79,95.88,0.19,2.70
237.49,5.78,95.88,0.19,2.70
237.74,5.78,95.88,0.19,2.70
237.99,5.79,95.88,0.19,2.70
238.24,5.81,95.88,0.19,2.70
238.49,5.82,95.88,0.19,2.70
238.75,5.81,95.88,0.19,2.70
239.00,5.81,95.88,0.19,2.70
239.25,5.81,95.88,0.19,2.70
239.50,5.82,95.88,0.19,2.70
239.75,5.81,95.88,0.19,2.70
240.00,5.81,95.88,0.19,2.70
240.25,5.81,95.88,0.19,2.70
240.50,5.81,95.88,0.19,2.70
240.75,5.81,95.88,0.19,2.70
241.00,5.81,95.88,0.19,2.70
241.25,5.81,95.88,0.19,2.70
241.50,5.81,95.88,0.19,2.70
241.75,5.81,95.88,0.19,2.70
242.00,5.81,95.88,0.19,2.70
242.25,5.80,95.88,0.19,2.70
242.50,5.80,95.88,0.19,2.70
242.75,5.80,95.88,0.19,2.70
243.00,5.80,95.88,0.19,2.70
243.25,5.80,95.88,0.19,2.70
243.50,5.79,95.88,0.19,2.70
243.75,5.79,95.88,0.19,2.70
244.00,5.80,95.88,0.19,2.70
244.25,5.79,95.88,0.19,2.70
244.50,5.79,95.88,0.19,2.70
244.75,5.79,95.88,0.19,2.70
245.00,5.78,95.88,0.19,2.70
245.25,5.78,95.88,0.19,2.70
245.50,5.78,95.88,0.19,2.70
245.75,5.78,95.88,0.19,2.70
246.01,5.77,95.88,0.19,2.70
246.26,5.77,95.88,0.19,2.70
246.51,5.77,95.88,0.19,2.70
246.76,5.77,95.88,0.19,2.70
247.01,5.77,95.88,0.19,2.70
247.26,5.77,95.88,0.19,2.70
247.51,5.77,95.88,0.19,2.70
247.76,5.77,95.88,0.19,2.70
248.01,5.76,95.88,0.19,2.70
248.26,5.76,95.88,0.19,2.70
248.51,5.76,95.88,0.19,2.70
248.76,5.76,95.88,0.19,2.70
249.01,5.75,95.88,0.19,2.70
249.26,5.75,95.88,0.19,2.70
249.51,5.75,95.88,0.19,2.70
249.76,5.75,95.88,0.19,2.70
250.01,5.75,95.88,0.19,2.70
250.26,5.75,95.88,0.19,2.70
250.51,5.75,95.88,0.19,2.70
250.76,5.75,95.88,0.19,2.70
251.01,5.74,95.88,0.19,2.70
251.26,5.74,95.88,0.19,2.70
251.51,5.74,95.88,0.19,2.70
251.76,5.74,95.88,0.19,2.70
252.01,5.74,95.88,0.19,2.70
252.26,5.73,95.88,0.19,2.70
252.51,5.73,95.88,0.19,2.70
252.77,5.73,95.88,0.19,2.70
253.02,5.73,95.88,0.19,2.70
253.27,5.73,95.88,0.19,2.70
253.52,5.72,95.88,0.19,2.70
253.77,5.72,95.88,0.19,2.70
254.02,5.72,95.88,0.19,2.70
254.27,5.71,95.88,0.19,2.70
254.52,5.71,95.88,0.19,2.70
254.77,5.71,95.88,0.19,2.70
255.02,5.71,95.88,0.19,2.70
255.27,5.71,95.88,0.19,2.70
255.52,5.70,95.88,0.19,2.70
255.77,5.70,95.88,0.19,2.70
256.02,5.70,95.88,0.19,2.70
256.27,5.69,95.88,0.19,2.70
256.52,5.69,95.88,0.19,2.70
256.77,5.69,95.88,0.19,2.70
257.02,5.68,95.88,0.19,2.70
257.27,5.68,95.88,0.19,2.70
257.52,5.68,95.88,0.19,2.70
257.77,5.68,95.88,0.19,2.70
258.02,5.67,95.88,0.19,2.70
258.27,5.67,95.88,0.19,2.70
258.52,5.75,95.88,0.19,2.70
258.77,5.74,95.88,0.19,2.70
259.03,5.73,95.88,0.19,2.70
259.28,5.72,95.88,0.19,2.70
259.53,5.72,95.88,0.19,2.70
259.78,5.71,95.88,0.19,2.70
260.03,5.71,95.88,0.19,2.70
260.28,5.70,95.88,0.19,2.70
260.53,5.70,95.88,0.19,2.70
260.78,5.70,95.88,0.19,2.70
261.03,5.70,95.88,0.19,2.70
261.28,5.69,95.88,0.19,2.70
261.53,5.69,95.88,0.19,2.70
261.78,5.68,95.88,0.19,2.70
262.03,5.68,95.88,0.19,2.70
262.28,5.67,95.88,0.19,2.70
262.53,5.66,95.88,0.19,2.70
262.78,5.66,95.88,0.19,2.70
263.03,5.65,95.88,0.19,2.70
263.28,5.65,95.88,0.19,2.70
263.53,5.65,95.88,0.19,2.70
263.78,5.65,95.88,0.19,2.70
264.03,5.65,95.88,0.19,2.70
264.28,5.65,95.88,0.19,2.70
264.53,5.64,95.88,0.19,2.70
264.78,5.64,95.88,0.19,2.70
265.04,5.63,95.88,0.19,2.70
265.29,5.62,95.88,0.19,2.70
265.54,5.60,95.88,0.19,2.70
265.79,5.60,95.88,0.19,2.70
266.04,5.60,95.88,0.19,2.70
266.29,5.59,95.88,0.19,2.70
266.54,5.65,95.88,0.19,2.70
266.79,5.64,95.88,0.19,2.71
267.04,5.64,95.88,0.19,2.71
267.29,5.63,95.88,0.19,2.71
267.54,5.61,95.88,0.19,2.71
267.79,5.61,95.88,0.19,2.71
268.04,5.45,95.88,0.19,2.85
268.29,5.45,95.88,0.19,2.85
268.54,5.49,95.88,0.19,2.85
268.79,5.47,95.88,0.19,2.85
269.04,5.47,95.88,0.19,2.85
269.29,5.45,95.88,0.19,2.85
269.54,5.43,95.88,0.19,2.85
269.79,5.42,95.88,0.19,2.85
270.04,5.42,95.88,0.19,2.85
270.29,5.42,95.88,0.19,2.85
270.55,5.41,95.88,0.19,2.85
270.80,5.40,95.88,0.19,2.85
271.05,5.39,95.88,0.19,2.85
271.30,5.39,95.88,0.19,2.85
271.55,5.39,95.88,0.19,2.85
271.80,5.38,95.88,0.19,2.85
272.05,5.38,95.88,0.19,2.85
272.30,5.37,95.88,0.19,2.85
272.55,5.41,95.88,0.19,2.85
272.80,5.40,95.88,0.19,2.85
273.05,5.40,95.88,0.19,2.85
273.30,5.38,95.88,0.19,2.85
273.55,5.36,95.88,0.19,2.85
273.80,5.36,95.88,0.19,2.85
274.05,5.35,95.88,0.19,2.85
274.30,5.41,95.88,0.19,2.85
274.55,5.72,95.88,0.19,2.85
274.80,5.71,95.88,0.19,2.85
275.05,5.57,95.88,0.19,2.85
275.30,5.46,95.88,0.19,2.85
275.55,5.45,95.88,0.19,2.85
275.80,5.45,95.88,0.19,2.85
276.05,5.45,95.88,0.19,2.85
276.31,5.44,95.88,0.19,2.85
276.56,5.44,95.88,0.19,2.85
276.81,5.44,95.88,0.19,2.85
277.06,5.44,95.88,0.19,2.85
277.31,5.43,95.88,0.19,2.85
277.56,5.46,95.88,0.19,2.85
277.81,5.46,95.88,0.19,2.85
278.06,5.46,95.88,0.19,2.85
278.31,5.46,95.88,0.19,2.85
278.56,5.53,95.88,0.19,2.85
278.81,5.53,95.88,0.19,2.85
279.06,5.53,95.88,0.19,2.85
279.31,5.53,95.88,0.19,2.85
279.56,5.53,95.88,0.19,2.85
279.81,5.52,95.88,0.19,2.85
280.06,5.52,95.88,0.19,2.85
280.31,5.51,95.88,0.19,2.85
280.56,5.52,95.88,0.19,2.85
280.81,5.52,95.88,0.19,2.85
281.06,5.51,95.88,0.19,2.85
281.31,5.50,95.88,0.19,2.85
281.56,5.51,95.88,0.19,2.85
281.81,5.49,95.88,0.19,2.85
282.07,5.49,95.88,0.19,2.85
282.32,5.49,95.88,0.19,2.85
282.57,5.49,95.88,0.19,2.85
282.82,5.49,95.88,0.19,2.85
283.07,5.93,95.88,0.19,2.85
283.32,5.93,95.88,0.19,2.85
283.57,5.70,95.88,0.19,2.85
283.82,5.69,95.88,0.19,2.85
284.07,5.69,95.88,0.19,2.85
284.32,5.69,95.88,0.19,2.85
284.57,5.68,95.88,0.19,2.85
284.82,5.67,95.88,0.19,2.85
285.07,5.67,95.88,0.19,2.85
285.32,5.67,95.88,0.19,2.85
285.57,5.66,95.88,0.19,2.85
285.82,5.66,95.88,0.19,2.85
286.07,5.65,95.88,0.19,2.85
286.32,5.65,95.88,0.19,2.85
286.57,5.66,95.88,0.19,2.85
286.82,5.65,95.88,0.19,2.85
287.07,5.65,95.88,0.19,2.85
287.32,5.65,95.88,0.19,2.85
287.58,5.65,95.88,0.19,2.85
287.83,5.64,95.88,0.19,2.85
288.08,5.64,95.88,0.19,2.85
288.33,5.63,95.88,0.19,2.85
288.58,5.64,95.88,0.19,2.85
288.83,5.64,95.88,0.19,2.85
289.08,5.64,95.88,0.19,2.85
289.33,5.64,95.88,0.19,2.85
289.58,5.64,95.88,0.19,2.85
289.83,5.63,95.88,0.19,2.85
290.08,5.63,95.88,0.19,2.85
290.33,5.84,95.88,0.19,2.85
290.58,5.82,95.88,0.19,2.85
290.83,5.81,95.88,0.19,2.85
291.08,5.81,95.88,0.19,2.85
291.33,5.81,95.88,0.19,2.85
291.58,6.08,95.88,0.19,2.85
291.83,6.13,95.88,0.19,2.85
292.08,6.39,95.88,0.19,2.85
292.33,6.64,95.88,0.19,2.85
292.59,6.78,95.88,0.19,2.85
292.84,6.64,95.88,0.19,2.85
293.09,6.61,95.88,0.19,2.85
293.34,6.61,95.88,0.19,2.85
293.59,6.60,95.88,0.19,2.85
293.84,6.60,95.88,0.19,2.85
294.09,6.60,95.88,0.19,2.85
294.34,6.60,95.88,0.19,2.85
294.59,6.61,95.88,0.19,2.85
294.84,6.60,95.88,0.19,2.85
295.09,6.60,95.88,0.19,2.85
295.34,6.59,95.88,0.19,2.85
295.59,6.59,95.88,0.19,2.85
295.84,6.58,95.88,0.19,2.85
296.09,6.58,95.88,0.19,2.85
296.34,6.58,95.88,0.19,2.85
296.59,6.59,95.88,0.19,2.85
296.84,6.58,95.88,0.19,2.85
297.09,6.59,95.88,0.19,2.85
297.34,6.58,95.88,0.19,2.85
297.59,6.59,95.88,0.19,2.85
297.85,6.58,95.88,0.19,2.85
298.10,6.59,95.88,0.19,2.85
298.35,6.65,95.88,0.19,2.85
298.60,6.65,95.88,0.19,2.85
298.85,7.64,95.88,0.19,2.85
299.10,7.63,95.88,0.19,2.85
299.35,7.48,95.88,0.19,2.85
299.60,7.48,95.88,0.19,2.85
299.85,7.48,95.88,0.19,2.85
300.10,7.48,95.88,0.19,2.85
300.35,7.48,95.88,0.19,2.85
300.60,7.47,95.88,0.19,2.85
300.85,7.47,95.88,0.19,2.85
301.10,7.47,95.88,0.19,2.85
301.35,7.47,95.88,0.19,2.85
301.60,7.47,95.88,0.19,2.85
301.85,7.47,95.88,0.19,2.85
302.10,7.47,95.88,0.19,2.85
302.35,7.47,95.88,0.19,2.85
302.60,7.46,95.88,0.19,2.85
302.85,7.46,95.88,0.19,2.85
303.10,7.46,95.88,0.19,2.85
303.36,7.46,95.88,0.19,2.85
303.61,7.45,95.88,0.19,2.85
303.86,7.41,95.88,0.19,2.88
304.11,7.41,95.88,0.19,2.88
304.36,7.41,95.88,0.19,2.88
304.61,7.40,95.88,0.19,2.88
304.86,7.36,95.88,0.19,2.97
305.11,7.26,95.88,0.19,3.07
305.36,7.26,95.88,0.19,3.07
305.61,7.26,95.88,0.19,3.07
305.86,7.26,95.88,0.19,3.07
306.11,7.26,95.88,0.19,3.07
306.36,7.26,95.88,0.19,3.07
306.61,7.26,95.88,0.19,3.07
306.86,7.25,95.88,0.19,3.07
307.11,7.25,95.88,0.19,3.07
307.36,7.25,95.88,0.19,3.07
307.61,7.25,95.88,0.19,3.07
307.86,7.25,95.88,0.19,3.07
308.11,7.24,95.88,0.19,3.07
308.36,7.24,95.88,0.19,3.07
308.62,7.23,95.88,0.19,3.07
308.87,7.23,95.88,0.19,3.07
309.12,7.23,95.88,0.19,3.07
309.37,7.22,95.88,0.19,3.07
309.62,7.22,95.88,0.19,3.07
309.87,7.22,95.88,0.19,3.07
310.12,7.21,95.88,0.19,3.07
310.37,7.21,95.88,0.19,3.07
310.62,7.20,95.88,0.19,3.07
310.87,7.19,95.88,0.19,3.07
311.12,7.19,95.88,0.19,3.07
311.37,7.18,95.88,0.19,3.07
311.62,7.18,95.88,0.19,3.07
311.87,7.18,95.88,0.19,3.07
312.12,7.37,95.88,0.19,3.07
312.37,7.37,95.88,0.19,3.07
312.62,7.33,95.88,0.19,3.07
312.87,7.33,95.88,0.19,3.07
313.12,7.32,95.88,0.19,3.07
313.37,7.32,95.88,0.19,3.07
313.62,7.31,95.88,0.19,3.07
313.87,7.31,95.88,0.19,3.07
314.12,7.31,95.88,0.19,3.07
314.37,7.31,95.88,0.19,3.07
314.63,7.30,95.88,0.19,3.07
314.88,7.30,95.88,0.19,3.07
315.13,7.30,95.88,0.19,3.07
315.38,7.29,95.88,0.19,3.07
315.63,7.27,95.88,0.19,3.07
315.88,7.27,95.88,0.19,3.07
316.13,7.27,95.88,0.19,3.07
316.38,7.27,95.88,0.19,3.07
316.63,7.26,95.88,0.19,3.07
316.88,7.25,95.88,0.19,3.07
317.13,7.25,95.88,0.19,3.07
317.38,7.25,95.88,0.19,3.07
317.63,7.31,95.88,0.19,3.07
317.88,7.30,95.88,0.19,3.07
318.13,7.29,95.88,0.19,3.07
318.38,7.28,95.88,0.19,3.07
318.63,7.27,95.88,0.19,3.07
318.88,7.27,95.88,0.19,3.07
319.13,7.27,95.88,0.19,3.07
319.38,7.26,95.88,0.19,3.07
319.63,7.24,95.88,0.19,3.07
319.88,7.24,95.88,0.19,3.07
320.13,7.24,95.88,0.19,3.07
320.38,7.24,95.88,0.19,3.07
320.63,7.22,95.88,0.19,3.07
320.89,7.21,95.88,0.19,3.07
321.14,7.28,95.88,0.19,3.07
321.39,7.26,95.88,0.19,3.07
321.64,7.25,95.88,0.19,3.07
321.89,7.24,95.88,0.19,3.07
322.14,7.24,95.88,0.19,3.07
322.39,7.23,95.88,0.19,3.07
322.64,7.22,95.88,0.19,3.07
322.89,7.22,95.88,0.19,3.07
323.14,7.22,95.88,0.19,3.07
323.39,7.21,95.88,0.19,3.07
323.64,7.23,95.88,0.19,3.07
323.89,7.22,95.88,0.19,3.07
324.14,7.21,95.88,0.19,3.07
324.39,7.20,95.88,0.19,3.07
324.64,7.16,95.88,0.19,3.07
324.89,7.16,95.88,0.19,3.07
325.14,7.16,95.88,0.19,3.07
325.39,7.16,95.88,0.19,3.07
325.64,7.15,95.88,0.19,3.07
325.89,7.14,95.88,0.19,3.07
326.14,7.22,95.88,0.19,3.07
326.39,7.19,95.88,0.19,3.07
326.64,7.14,95.88,0.19,3.07
326.90,7.14,95.88,0.19,3.07
327.15,7.13,95.88,0.19,3.07
327.40,7.13,95.88,0.19,3.07
327.65,7.12,95.88,0.19,3.07
327.90,7.11,95.88,0.19,3.07
328.15,7.11,95.88,0.19,3.07
328.40,7.10,95.88,0.19,3.07
328.65,7.25,95.88,0.19,3.07
328.90,7.25,95.88,0.19,3.07
329.15,7.23,95.88,0.19,3.07
329.40,7.23,95.88,0.19,3.07
329.65,7.21,95.88,0.19,3.07
329.90,7.21,95.88,0.19,3.07
330.15,7.20,95.88,0.19,3.07
330.40,7.20,95.88,0.19,3.07
330.65,7.18,95.88,0.19,3.07
330.90,7.17,95.88,0.19,3.07
331.15,7.17,95.88,0.19,3.07
331.40,7.17,95.88,0.19,3.07
331.65,7.21,95.88,0.19,3.07
331.90,7.21,95.88,0.19,3.07
332.15,7.20,95.88,0.19,3.07
332.40,7.20,95.88,0.19,3.07
332.66,7.17,95.88,0.19,3.07
332.91,7.17,95.88,0.19,3.07
333.16,7.16,95.88,0.19,3.07
333.41,7.16,95.88,0.19,3.07
333.66,7.13,95.88,0.19,3.07
333.91,7.12,95.88,0.19,3.07
334.16,7.17,95.88,0.19,3.07
334.41,7.15,95.88,0.19,3.07
334.66,7.12,95.88,0.19,3.07
334.91,7.11,95.88,0.19,3.07
335.16,7.11,95.88,0.19,3.07
335.41,7.10,95.88,0.19,3.07
335.66,7.07,95.88,0.19,3.07
335.91,7.07,95.88,0.19,3.07
336.16,7.07,95.88,0.19,3.07
336.41,7.06,95.88,0.19,3.07
336.66,7.06,95.88,0.19,3.07
336.91,7.14,95.88,0.19,3.07
337.16,7.13,95.88,0.19,3.07
337.41,7.10,95.88,0.19,3.07
337.66,7.10,95.88,0.19,3.07
337.91,7.09,95.88,0.19,3.07
338.16,7.07,95.88,0.19,3.07
338.42,7.07,95.88,0.19,3.07
338.67,7.05,95.88,0.19,3.07
338.92,7.11,95.88,0.19,3.07
339.17,7.10,95.88,0.19,3.07
339.42,7.10,95.88,0.19,3.07
339.67,7.06,95.88,0.19,3.07
339.92,7.06,95.88,0.19,3.07
340.17,7.05,95.88,0.19,3.07
340.42,7.04,95.88,0.19,3.07
340.67,7.03,95.88,0.19,3.07
340.92,7.03,95.88,0.19,3.07
341.17,7.02,95.88,0.19,3.07
341.42,7.09,95.88,0.19,3.07
341.67,7.03,95.88,0.19,3.07
341.92,7.03,95.88,0.19,3.07
342.17,7.06,95.88,0.19,3.03
342.42,7.06,95.88,0.19,3.03
342.67,7.03,95.88,0.19,3.03
342.92,7.02,95.88,0.19,3.03
343.17,7.02,95.88,0.19,3.03
343.42,7.00,95.88,0.19,3.03
343.68,6.98,95.88,0.19,3.04
343.93,6.83,95.88,0.19,3.18
344.18,6.83,95.88,0.19,3.18
344.43,6.94,95.88,0.19,3.18
344.68,6.91,95.88,0.19,3.18
344.93,6.91,95.88,0.19,3.18
345.18,6.89,95.88,0.19,3.18
345.43,6.88,95.88,0.19,3.18
345.68,6.85,95.88,0.19,3.18
345.93,6.85,95.88,0.19,3.18
346.18,6.84,95.88,0.19,3.18
346.43,6.84,95.88,0.19,3.18
346.68,6.84,95.88,0.19,3.18
346.93,6.83,95.88,0.19,3.18
347.18,6.83,95.88,0.19,3.18
347.43,6.82,95.88,0.19,3.18
347.68,6.82,95.88,0.19,3.18
347.93,6.81,95.88,0.19,3.18
348.18,6.81,95.88,0.19,3.18
348.43,6.81,95.88,0.19,3.18
348.68,6.83,95.88,0.19,3.18
348.93,6.80,95.88,0.19,3.18
349.19,6.78,95.88,0.19,3.18
349.44,6.78,95.88,0.19,3.18
349.69,6.76,95.88,0.19,3.18
349.94,6.75,95.88,0.19,3.18
350.19,6.75,95.88,0.19,3.18
350.44,6.74,95.88,0.19,3.18
350.69,6.73,95.88,0.19,3.18
350.94,6.73,95.88,0.19,3.18
351.19,6.73,95.88,0.19,3.18
351.44,6.72,95.88,0.19,3.18
351.69,6.85,95.88,0.19,3.18
351.94,6.84,95.88,0.19,3.18
352.19,6.84,95.88,0.19,3.18
352.44,6.83,95.88,0.19,3.18
352.69,6.78,95.88,0.19,3.18
352.94,6.78,95.88,0.19,3.18
353.19,6.76,95.88,0.19,3.18
353.44,6.76,95.88,0.19,3.18
353.69,6.74,95.88,0.19,3.18
353.94,6.73,95.88,0.19,3.18
354.19,6.73,95.88,0.19,3.18
354.44,6.71,95.88,0.19,3.20
354.69,6.60,95.88,0.19,3.32
354.95,6.59,95.88,0.19,3.32
355.20,6.58,95.88,0.19,3.33
355.45,6.57,95.88,0.19,3.33
355.70,6.56,95.88,0.19,3.33
355.95,6.55,95.88,0.19,3.33
356.20,6.55,95.88,0.19,3.33
356.45,6.55,95.88,0.19,3.33
356.70,6.63,95.88,0.19,3.33
356.95,6.62,95.88,0.19,3.33
357.20,6.62,95.88,0.19,3.33
357.45,6.61,95.88,0.19,3.33
357.70,6.58,95.88,0.19,3.33
357.95,6.57,95.88,0.19,3.33
358.20,6.58,95.88,0.19,3.33
358.45,6.57,95.88,0.19,3.33
358.71,6.56,95.88,0.19,3.33
358.96,6.55,95.88,0.19,3.33
359.21,6.55,95.88,0.19,3.33
359.46,6.54,95.88,0.19,3.33
359.71,6.53,95.88,0.19,3.33
359.96,6.53,95.89,0.19,3.33
360.21,6.53,95.89,0.19,3.33
360.46,6.50,95.89,0.19,3.33
360.71,6.50,95.89,0.19,3.33
360.96,6.49,95.89,0.19,3.33
361.21,6.49,95.89,0.19,3.33
361.46,6.49,95.89,0.19,3.33
361.71,6.48,95.89,0.19,3.33
361.96,6.48,95.89,0.19,3.33
362.22,6.47,95.89,0.19,3.33
362.47,6.55,95.89,0.19,3.33
362.72,6.54,95.89,0.19,3.33
362.97,6.54,95.89,0.19,3.33
363.22,6.54,95.89,0.19,3.33
363.47,6.53,95.89,0.19,3.33
363.72,6.52,95.89,0.19,3.33
363.97,6.52,95.89,0.19,3.33
364.22,6.51,95.89,0.19,3.33
364.47,6.51,95.89,0.19,3.33
364.72,6.50,95.89,0.19,3.33
364.97,6.47,95.89,0.19,3.33
365.22,6.47,95.89,0.19,3.33
365.47,6.47,95.89,0.19,3.33
365.72,6.46,95.89,0.19,3.33
365.98,6.46,95.89,0.19,3.33
366.23,6.46,95.89,0.19,3.33
366.48,6.45,95.89,0.19,3.33
366.73,6.45,95.89,0.19,3.33
366.98,6.45,95.89,0.19,3.33
367.23,6.44,95.89,0.19,3.33
367.48,6.44,95.89,0.19,3.33
367.73,6.43,95.89,0.19,3.33
367.98,6.42,95.89,0.19,3.33
368.23,6.42,95.89,0.19,3.33
368.48,6.42,95.89,0.19,3.33
368.73,6.46,95.89,0.19,3.33
368.98,6.45,95.89,0.19,3.33
369.23,6.45,95.89,0.19,3.33
369.49,6.45,95.89,0.19,3.33
369.74,6.44,95.89,0.19,3.33
369.99,6.44,95.89,0.19,3.33
370.24,6.44,95.89,0.19,3.33
370.49,6.44,95.89,0.19,3.33
370.74,6.43,95.89,0.19,3.33
370.99,6.42,95.89,0.19,3.33
371.24,6.42,95.89,0.19,3.33
371.49,6.42,95.89,0.19,3.33
371.74,6.44,95.89,0.19,3.33
371.99,6.43,95.89,0.19,3.33
372.24,6.43,95.88,0.19,3.33
372.49,6.42,95.88,0.19,3.33
372.74,6.38,95.88,0.19,3.33
372.99,6.38,95.88,0.19,3.33
373.25,6.38,95.88,0.19,3.33
373.50,6.37,95.88,0.19,3.33
373.75,6.37,95.88,0.19,3.33
374.00,6.37,95.88,0.19,3.33
374.25,6.36,95.88,0.19,3.33
374.50,6.36,95.88,0.19,3.33
374.75,6.36,95.88,0.19,3.33
375.00,6.35,95.88,0.19,3.33
375.25,6.34,95.88,0.19,3.33
375.50,6.34,95.88,0.19,3.33
375.75,6.33,95.88,0.19,3.33
376.00,6.32,95.88,0.19,3.33
376.25,6.32,95.88,0.19,3.33
376.50,6.32,95.88,0.19,3.33
376.76,6.32,95.88,0.19,3.33
377.01,6.32,95.88,0.19,3.33
377.26,6.32,95.88,0.19,3.33
377.51,6.32,95.88,0.19,3.33
377.76,6.32,95.88,0.19,3.33
378.01,6.31,95.89,0.19,3.33
378.26,6.30,95.89,0.19,3.33
378.51,6.30,95.89,0.19,3.33
378.76,6.33,95.89,0.19,3.33
379.01,6.32,95.89,0.19,3.33
379.26,6.31,95.89,0.19,3.33
379.51,6.31,95.89,0.19,3.33
379.76,6.29,95.89,0.19,3.33
380.01,6.29,95.89,0.19,3.33
380.26,6.29,95.89,0.19,3.33
380.51,6.29,95.89,0.19,3.33
380.76,6.28,95.89,0.19,3.33
381.01,6.28,95.89,0.19,3.33
381.26,6.27,95.89,0.19,3.33
381.51,6.27,95.89,0.19,3.33
381.76,6.26,95.89,0.19,3.33
382.02,6.26,95.89,0.19,3.33
382.27,6.26,95.89,0.19,3.33
382.52,6.25,95.89,0.19,3.33
382.77,6.30,95.89,0.19,3.33
383.02,6.29,95.89,0.19,3.33
383.27,6.28,95.89,0.19,3.33
383.52,6.28,95.89,0.19,3.33
383.77,6.25,95.89,0.19,3.33
384.02,6.23,95.89,0.19,3.33
384.27,6.23,95.89,0.19,3.33
384.52,6.23,95.89,0.19,3.33
384.77,6.22,95.89,0.19,3.33
385.02,6.21,95.89,0.19,3.33
385.27,6.21,95.89,0.19,3.33
385.52,6.20,95.89,0.19,3.33
385.78,6.20,95.89,0.19,3.33
386.03,6.20,95.89,0.19,3.33
386.28,6.19,95.89,0.19,3.33
386.53,6.19,95.89,0.19,3.33
386.78,6.18,95.89,0.19,3.33
387.03,6.18,95.89,0.19,3.33
387.28,6.17,95.89,0.19,3.33
387.53,6.16,95.89,0.19,3.33
387.78,6.25,95.89,0.19,3.33
388.03,6.24,95.89,0.19,3.33
388.28,6.24,95.89,0.19,3.33
388.53,6.23,95.89,0.19,3.33
388.78,6.19,95.89,0.19,3.33
389.03,6.19,95.89,0.19,3.33
389.28,6.19,95.89,0.19,3.33
389.54,6.19,95.89,0.19,3.33
389.79,6.18,95.89,0.19,3.33
390.04,6.18,95.89,0.19,3.33
390.29,6.17,95.89,0.19,3.33
390.54,6.22,95.89,0.19,3.33
390.79,6.19,95.89,0.19,3.33
391.04,6.18,95.89,0.19,3.33
391.29,6.18,95.89,0.19,3.33
391.54,6.17,95.89,0.19,3.33
391.79,6.15,95.89,0.19,3.33
392.04,6.14,95.89,0.19,3.33
392.29,6.14,95.89,0.19,3.33
392.54,6.14,95.89,0.19,3.33
392.79,6.19,95.89,0.19,3.33
393.04,6.19,95.89,0.19,3.33
393.30,6.18,95.89,0.19,3.33
393.55,6.17,95.89,0.19,3.33
393.80,6.12,95.89,0.19,3.33
394.05,6.11,95.89,0.19,3.33
394.30,6.11,95.89,0.19,3.33
394.55,6.10,95.89,0.19,3.33
394.80,6.10,95.89,0.19,3.33
395.05,6.09,95.89,0.19,3.33
395.30,6.08,95.89,0.19,3.33
395.55,6.08,95.89,0.19,3.33
395.80,6.07,95.89,0.19,3.33
396.05,6.07,95.89,0.19,3.33
396.30,6.06,95.89,0.19,3.33
396.55,6.06,95.89,0.19,3.33
396.80,6.05,95.89,0.19,3.33
397.05,6.05,95.89,0.19,3.33
397.31,6.05,95.89,0.19,3.33
397.56,6.12,95.89,0.19,3.33
397.81,6.10,95.89,0.19,3.33
398.06,6.09,95.89,0.19,3.33
398.31,6.09,95.89,0.19,3.33
398.56,6.09,95.89,0.19,3.33
398.81,6.08,95.89,0.19,3.33
399.06,6.07,95.89,0.19,3.33
399.31,6.07,95.89,0.19,3.33
399.56,6.06,95.89,0.19,3.33
399.81,6.05,95.89,0.19,3.33
400.06,6.04,95.89,0.19,3.33
400.31,6.08,95.89,0.19,3.33
400.56,6.06,95.89,0.19,3.33
400.81,6.03,95.89,0.19,3.33
401.07,6.03,95.89,0.19,3.33
401.32,6.02,95.89,0.19,3.33
401.57,6.02,95.89,0.19,3.33
401.82,6.01,95.89,0.19,3.33
402.07,6.01,95.89,0.19,3.33
402.32,6.01,95.89,0.19,3.33
402.57,6.01,95.89,0.19,3.33
402.82,5.99,95.89,0.19,3.33
403.07,5.99,95.89,0.19,3.33
403.32,5.98,95.89,0.19,3.33
403.57,5.98,95.89,0.19,3.33
403.82,6.00,95.89,0.19,3.33
404.07,6.00,95.89,0.19,3.33
404.32,5.99,95.89,0.19,3.33
404.58,5.99,95.89,0.19,3.33
404.83,5.99,95.89,0.19,3.33
405.08,5.96,95.89,0.19,3.33
405.33,5.95,95.89,0.19,3.33
405.58,5.95,95.89,0.19,3.33
405.83,5.95,95.89,0.19,3.33
406.08,5.95,95.89,0.19,3.33
406.33,5.94,95.89,0.19,3.33
406.58,5.94,95.89,0.19,3.33
406.83,5.93,95.89,0.19,3.33
407.08,5.93,95.89,0.19,3.33
407.33,5.93,95.89,0.19,3.33
407.58,5.92,95.89,0.19,3.33
407.83,5.92,95.89,0.19,3.33
408.08,6.00,95.89,0.19,3.33
408.34,5.99,95.89,0.19,3.33
408.59,5.97,95.89,0.19,3.33
408.84,5.95,95.89,0.19,3.33
409.09,5.93,95.89,0.19,3.33
409.34,5.93,95.89,0.19,3.33
409.59,5.92,95.89,0.19,3.33
409.84,5.91,95.89,0.19,3.33
410.09,5.98,95.89,0.19,3.33
410.34,5.97,95.89,0.19,3.33
410.59,5.96,95.89,0.19,3.33
410.84,5.93,95.89,0.19,3.33
411.09,5.93,95.89,0.19,3.33
411.34,5.93,95.89,0.19,3.33
411.59,5.92,95.89,0.19,3.33
411.84,5.92,95.89,0.19,3.33
412.09,5.92,95.89,0.19,3.33
412.35,5.90,95.89,0.19,3.33
412.60,5.84,95.89,0.19,3.33
412.85,5.82,95.89,0.19,3.33
413.10,5.82,95.89,0.19,3.33
413.35,5.81,95.89,0.19,3.33
413.60,5.80,95.89,0.19,3.33
413.85,5.79,95.89,0.19,3.33
414.10,5.88,95.89,0.19,3.33
414.35,5.88,95.89,0.19,3.33
414.60,5.87,95.89,0.19,3.33
414.85,5.84,95.89,0.19,3.33
415.10,5.84,95.89,0.19,3.33
415.36,5.82,95.89,0.19,3.33
415.61,5.81,95.89,0.19,3.33
415.87,5.81,95.89,0.19,3.33
416.12,5.79,95.89,0.19,3.33
416.37,5.79,95.88,0.19,3.33
416.62,5.85,95.88,0.19,3.33
416.87,5.82,95.88,0.19,3.33
417.12,5.81,95.88,0.19,3.33
417.37,5.80,95.89,0.19,3.33
417.62,5.80,95.88,0.19,3.33
417.87,5.80,95.88,0.19,3.33
418.12,5.79,95.88,0.19,3.33
418.37,6.59,95.88,0.19,2.48
418.62,6.53,95.88,0.19,2.53
418.87,6.36,95.88,0.19,2.62
419.12,6.36,95.88,0.19,2.62
419.37,6.35,95.88,0.19,2.62
419.62,6.35,95.88,0.19,2.62
419.88,6.35,95.88,0.19,2.62
420.13,6.34,95.88,0.19,2.62
420.38,6.34,95.88,0.19,2.62
420.63,6.34,95.88,0.19,2.62
420.88,6.34,95.88,0.19,2.62
421.13,6.34,95.88,0.19,2.62
421.38,6.34,95.88,0.19,2.62
421.63,6.34,95.88,0.19,2.62
421.88,6.34,95.88,0.19,2.62
422.13,6.34,95.88,0.19,2.62
422.38,6.34,95.88,0.19,2.62
422.63,6.33,95.88,0.19,2.62
422.88,6.33,95.88,0.19,2.62
423.13,6.33,95.88,0.19,2.62
423.38,6.33,95.88,0.19,2.62
423.63,6.33,95.88,0.19,2.62
423.88,6.33,95.88,0.19,2.62
424.13,6.33,95.88,0.19,2.62
424.38,6.32,95.88,0.19,2.62
424.63,6.32,95.88,0.19,2.62
424.88,6.32,95.88,0.19,2.62
425.13,6.32,95.88,0.19,2.62
425.38,6.33,95.88,0.19,2.62
425.63,6.32,95.88,0.19,2.62
425.89,6.33,95.88,0.19,2.62
426.14,6.32,95.88,0.19,2.62
426.39,6.32,95.88,0.19,2.62
426.64,6.32,95.88,0.19,2.62
426.89,6.32,95.88,0.19,2.62
427.14,6.32,95.88,0.19,2.62
427.39,6.31,95.88,0.19,2.62
427.64,6.31,95.88,0.19,2.62
427.89,6.31,95.88,0.19,2.62
428.14,6.31,95.88,0.19,2.62
428.39,6.31,95.88,0.19,2.62
428.64,6.30,95.88,0.19,2.62
428.89,6.30,95.88,0.19,2.62
429.14,6.29,95.88,0.19,2.62
429.39,6.29,95.88,0.19,2.62
429.64,6.28,95.88,0.19,2.62
429.89,6.28,95.88,0.19,2.62
430.14,6.28,95.88,0.19,2.62
430.39,6.27,95.88,0.19,2.62
430.64,6.26,95.88,0.19,2.62
430.89,6.26,95.88,0.19,2.62
431.14,6.26,95.88,0.19,2.62
431.39,6.25,95.88,0.19,2.62
431.65,6.24,95.88,0.19,2.62
431.90,6.24,95.88,0.19,2.62
432.15,6.24,95.88,0.19,2.62
432.40,6.24,95.88,0.19,2.62
432.65,6.23,95.88,0.19,2.62
432.90,6.23,95.88,0.19,2.62
433.15,6.23,95.88,0.19,2.62
433.40,6.23,95.88,0.19,2.62
433.65,6.22,95.88,0.19,2.62
433.90,6.22,95.88,0.19,2.62
434.15,6.22,95.88,0.19,2.62
434.40,6.36,95.88,0.19,2.62
434.65,6.33,95.88,0.19,2.62
434.90,6.32,95.88,0.19,2.62
435.15,6.32,95.88,0.19,2.62
435.40,6.32,95.88,0.19,2.62
435.65,6.31,95.88,0.19,2.62
435.90,6.31,95.88,0.19,2.62
436.15,6.30,95.88,0.19,2.62
436.40,6.29,95.88,0.19,2.62
436.65,6.28,95.88,0.19,2.62
436.90,6.28,95.88,0.19,2.62
437.15,6.28,95.88,0.19,2.62
437.40,6.27,95.88,0.19,2.62
437.66,6.27,95.88,0.19,2.62
437.91,6.32,95.88,0.19,2.62
438.16,6.31,95.88,0.19,2.62
438.41,6.29,95.88,0.19,2.62
438.66,6.27,95.88,0.19,2.62
438.91,6.27,95.88,0.19,2.62
439.16,6.27,95.88,0.19,2.62
439.41,6.26,95.88,0.19,2.62
439.66,6.25,95.88,0.19,2.62
439.91,6.24,95.88,0.19,2.62
440.16,6.24,95.88,0.19,2.62
440.41,6.23,95.88,0.19,2.62
440.66,6.24,95.88,0.19,2.62
440.91,6.24,95.88,0.19,2.62
441.16,6.23,95.88,0.19,2.62
441.41,6.23,95.88,0.19,2.62
441.66,6.22,95.88,0.19,2.62
441.91,6.21,95.88,0.19,2.62
442.16,6.21,95.88,0.19,2.62
442.41,6.21,95.88,0.19,2.62
442.66,6.21,95.88,0.19,2.62
442.91,6.20,95.88,0.19,2.62
443.16,6.20,95.88,0.19,2.62
443.41,6.23,95.88,0.19,2.62
443.66,6.21,95.88,0.19,2.62
443.92,6.21,95.88,0.19,2.62
444.17,6.19,95.88,0.19,2.64
444.42,6.18,95.88,0.19,2.64
444.67,6.09,95.88,0.19,2.70
444.92,6.09,95.88,0.19,2.70
445.17,6.14,95.88,0.19,2.70
445.42,6.13,95.88,0.19,2.70
445.67,6.12,95.88,0.19,2.70
445.92,6.11,95.88,0.19,2.70
446.17,6.11,95.88,0.19,2.70
446.42,6.10,95.88,0.19,2.70
446.67,6.08,95.88,0.19,2.70
446.92,6.08,95.88,0.19,2.70
447.17,6.11,95.88,0.19,2.70
447.42,6.10,95.88,0.19,2.70
447.67,6.04,95.88,0.19,2.70
447.92,6.03,95.88,0.19,2.70
448.17,6.03,95.88,0.19,2.70
448.42,6.02,95.88,0.19,2.70
448.67,6.01,95.88,0.19,2.70
448.92,6.00,95.88,0.19,2.70
449.17,6.00,95.88,0.19,2.70
449.43,6.00,95.88,0.19,2.70
449.68,6.12,95.88,0.19,2.70
449.93,6.11,95.88,0.19,2.70
450.18,6.10,95.88,0.19,2.70
450.43,6.09,95.88,0.19,2.70
450.68,6.08,95.88,0.19,2.70
450.93,6.07,95.88,0.19,2.70
451.18,6.05,95.88,0.19,2.70
451.43,6.04,95.88,0.19,2.70
451.68,6.04,95.88,0.19,2.70
451.93,6.04,95.88,0.19,2.70
452.18,6.03,95.88,0.19,2.70
452.43,6.02,95.88,0.19,2.70
452.68,6.16,95.88,0.19,2.70
452.93,6.16,95.88,0.19,2.70
453.18,6.13,95.88,0.19,2.70
453.43,6.12,95.88,0.19,2.70
453.68,6.12,95.88,0.19,2.70
453.93,6.10,95.88,0.19,2.70
454.18,6.09,95.88,0.19,2.70
454.43,6.09,95.88,0.19,2.70
454.68,6.07,95.88,0.19,2.70
454.93,6.07,95.88,0.19,2.70
455.19,6.07,95.88,0.19,2.70
455.44,6.06,95.88,0.19,2.70
455.69,6.05,95.88,0.19,2.70
455.94,6.05,95.88,0.19,2.70
456.19,6.05,95.88,0.19,2.70
456.44,6.04,95.88,0.19,2.70
456.69,6.02,95.88,0.19,2.70
456.94,6.02,95.88,0.19,2.70
457.19,6.02,95.88,0.19,2.70
457.44,6.01,95.88,0.19,2.70
457.69,6.01,95.88,0.19,2.70
457.94,6.01,95.88,0.19,2.70
458.19,6.11,95.88,0.19,2.70
458.44,6.11,95.88,0.19,2.70
458.69,6.08,95.88,0.19,2.70
458.94,6.08,95.88,0.19,2.70
459.19,6.07,95.88,0.19,2.70
459.44,6.07,95.88,0.19,2.70
459.69,6.03,95.88,0.19,2.70
459.94,6.03,95.88,0.19,2.70
460.19,6.02,95.88,0.19,2.70
460.44,6.02,95.88,0.19,2.70
460.69,6.07,95.88,0.19,2.70
460.94,6.05,95.88,0.19,2.70
461.19,6.05,95.88,0.19,2.70
461.44,6.05,95.88,0.19,2.70
461.70,6.03,95.88,0.19,2.70
461.95,6.02,95.88,0.19,2.70
462.20,6.02,95.88,0.19,2.70
462.45,6.01,95.88,0.19,2.70
462.70,5.99,95.88,0.19,2.70
462.95,5.99,95.88,0.19,2.70
463.20,5.99,95.88,0.19,2.70
463.45,5.99,95.88,0.19,2.70
463.70,6.05,95.88,0.19,2.70
463.95,6.03,95.88,0.19,2.70
464.20,6.03,95.88,0.19,2.70
464.45,6.02,95.88,0.19,2.70
464.70,6.00,95.88,0.19,2.70
464.95,6.00,95.88,0.19,2.70
465.20,5.99,95.88,0.19,2.70
465.45,5.99,95.88,0.19,2.70
465.70,5.96,95.88,0.19,2.70
465.95,5.96,95.88,0.19,2.70
466.20,5.96,95.88,0.19,2.70
466.45,5.99,95.88,0.19,2.70
466.70,5.96,95.88,0.19,2.70
466.95,5.96,95.88,0.19,2.70
467.20,5.94,95.88,0.19,2.70
467.45,5.94,95.88,0.19,2.70
467.70,5.94,95.88,0.19,2.70
467.96,5.94,95.88,0.19,2.70
468.21,5.93,95.88,0.19,2.70
468.46,5.93,95.88,0.19,2.70
468.71,5.92,95.88,0.19,2.70
468.96,5.97,95.88,0.19,2.70
469.21,5.96,95.88,0.19,2.70
469.46,5.95,95.88,0.19,2.70
469.71,5.93,95.88,0.19,2.70
469.96,5.92,95.88,0.19,2.70
470.21,5.92,95.88,0.19,2.70
470.46,5.92,95.88,0.19,2.70
470.71,5.90,95.88,0.19,2.70
470.96,5.90,95.88,0.19,2.70
471.21,5.94,95.88,0.19,2.70
471.46,5.94,95.88,0.19,2.70
471.71,5.91,95.88,0.19,2.70
471.96,5.90,95.88,0.19,2.70
472.21,5.90,95.88,0.19,2.70
472.46,5.90,95.88,0.19,2.70
472.71,5.88,95.88,0.19,2.70
472.96,5.86,95.88,0.19,2.72
473.21,5.89,95.88,0.19,2.72
473.46,5.89,95.88,0.19,2.72
473.72,5.70,95.88,0.19,2.86
473.97,5.69,95.88,0.19,2.86
474.22,5.76,95.88,0.19,2.86
474.47,5.74,95.88,0.19,2.86
474.72,5.70,95.88,0.19,2.86
474.97,5.70,95.88,0.19,2.86
475.22,5.70,95.88,0.19,2.86
475.47,5.70,95.88,0.19,2.86
475.72,5.68,95.88,0.19,2.86
475.97,5.68,95.88,0.19,2.86
476.22,5.67,95.88,0.19,2.86
476.47,5.67,95.88,0.19,2.86
476.72,5.65,95.88,0.19,2.86
476.97,5.64,95.88,0.19,2.86
477.22,5.63,95.88,0.19,2.86
477.47,5.63,95.88,0.19,2.86
477.72,5.66,95.88,0.19,2.86
477.97,5.66,95.88,0.19,2.86
478.22,5.65,95.88,0.19,2.86
478.47,5.65,95.88,0.19,2.86
478.72,5.60,95.88,0.19,2.86
478.97,5.60,95.88,0.19,2.86
479.22,5.60,95.88,0.19,2.86
479.47,5.60,95.88,0.19,2.86
479.72,5.68,95.88,0.19,2.86
479.97,5.67,95.88,0.19,2.86
480.23,5.67,95.88,0.19,2.86
480.48,5.66,95.88,0.19,2.86
480.73,5.64,95.88,0.19,2.86
480.98,5.64,95.88,0.19,2.86
481.23,5.64,95.88,0.19,2.86
481.48,5.63,95.88,0.19,2.86
481.73,5.62,95.88,0.19,2.86
481.98,5.65,95.88,0.19,2.86
482.23,5.65,95.88,0.19,2.86
482.48,5.63,95.88,0.19,2.86
482.73,5.62,95.88,0.19,2.86
482.98,5.61,95.88,0.19,2.86
483.23,5.60,95.88,0.19,2.86
483.48,5.59,95.88,0.19,2.86
483.73,5.59,95.88,0.19,2.86
483.98,5.58,95.88,0.19,2.86
484.23,5.58,95.88,0.19,2.86
484.48,5.58,95.88,0.19,2.86
484.73,5.59,95.88,0.19,2.86
484.98,5.58,95.88,0.19,2.86
485.23,5.58,95.88,0.19,2.86
485.48,5.58,95.88,0.19,2.86
485.73,5.55,95.88,0.19,2.86
485.98,5.54,95.88,0.19,2.86
486.24,5.53,95.88,0.19,2.86
486.49,5.53,95.88,0.19,2.86
486.74,5.52,95.88,0.19,2.86
486.99,5.52,95.88,0.19,2.86
487.24,5.52,95.88,0.19,2.86
487.49,5.52,95.88,0.19,2.86
487.74,5.56,95.88,0.19,2.86
487.99,5.55,95.88,0.19,2.86
488.24,5.55,95.88,0.19,2.86
488.49,5.54,95.88,0.19,2.86
488.74,5.53,95.88,0.19,2.86
488.99,5.52,95.88,0.19,2.86
489.24,5.52,95.88,0.19,2.86
489.49,5.51,95.88,0.19,2.86
489.74,5.51,95.88,0.19,2.86
489.99,5.56,95.88,0.19,2.86
490.24,5.55,95.88,0.19,2.86
490.49,5.54,95.88,0.19,2.86
490.74,5.52,95.88,0.19,2.86
490.99,5.51,95.88,0.19,2.86
491.24,5.51,95.88,0.19,2.86
491.49,5.51,95.88,0.19,2.86
491.74,5.48,95.88,0.19,2.86
492.00,5.48,95.88,0.19,2.86
492.25,5.47,95.88,0.19,2.86
492.50,5.47,95.88,0.19,2.86
492.75,5.51,95.88,0.19,2.86
493.00,5.50,95.88,0.19,2.86
493.25,5.50,95.88,0.19,2.86
493.50,5.50,95.88,0.19,2.86
493.75,5.47,95.88,0.19,2.86
494.00,5.47,95.88,0.19,2.86
494.25,5.46,95.88,0.19,2.86
494.50,5.46,95.88,0.19,2.86
494.75,5.43,95.88,0.19,2.86
495.00,5.43,95.88,0.19,2.86
495.25,5.43,95.88,0.19,2.86
495.50,5.43,95.88,0.19,2.86
495.75,5.46,95.88,0.19,2.86
496.00,5.45,95.88,0.19,2.86
496.25,5.44,95.88,0.19,2.86
496.50,5.44,95.88,0.19,2.86
496.75,5.42,95.88,0.19,2.86
497.00,5.42,95.88,0.19,2.86
497.25,5.42,95.88,0.19,2.86
497.50,5.41,95.88,0.19,2.86
497.75,5.38,95.88,0.19,2.86
498.01,5.46,95.88,0.19,2.86
498.26,5.44,95.88,0.19,2.86
498.51,5.42,95.88,0.19,2.86
498.76,5.40,95.88,0.19,2.86
499.01,5.39,95.88,0.19,2.86
499.26,5.37,95.88,0.19,2.86
499.51,5.37,95.88,0.19,2.86
499.76,5.35,95.88,0.19,2.86
500.01,5.46,95.88,0.19,2.86
500.26,5.55,95.88,0.19,2.86
500.51,5.55,95.88,0.19,2.86
500.76,5.51,95.88,0.19,2.86
501.01,5.51,95.88,0.19,2.86
501.26,5.50,95.88,0.19,2.86
501.51,5.49,95.88,0.19,2.86
501.76,5.47,95.88,0.19,2.86
502.01,5.47,95.88,0.19,2.86
502.26,5.47,95.88,0.19,2.86
502.51,5.46,95.88,0.19,2.86
502.76,5.46,95.88,0.19,2.86
503.01,5.45,95.88,0.19,2.86
503.26,5.45,95.88,0.19,2.86
503.51,5.44,95.88,0.19,2.86
503.76,5.44,95.88,0.19,2.86
504.02,5.44,95.88,0.19,2.86
504.27,5.44,95.88,0.19,2.86
504.52,5.44,95.88,0.19,2.86
504.77,5.50,95.88,0.19,2.86
505.02,5.49,95.88,0.19,2.86
505.27,5.49,95.88,0.19,2.86
505.52,5.47,95.88,0.19,2.86
505.77,5.47,95.88,0.19,2.86
506.02,5.46,95.88,0.19,2.86
506.27,5.46,95.88,0.19,2.86
506.52,5.46,95.88,0.19,2.86
506.77,5.43,95.88,0.19,2.86
507.02,5.43,95.88,0.19,2.86
507.27,5.42,95.88,0.19,2.86
507.52,5.42,95.88,0.19,2.86
507.77,5.44,95.88,0.19,2.86
508.02,5.44,95.88,0.19,2.86
508.28,5.44,95.88,0.19,2.86
508.53,5.43,95.88,0.19,2.86
508.78,5.30,95.88,0.19,2.94
509.03,5.29,95.88,0.19,2.94
509.28,5.29,95.88,0.19,2.94
509.53,5.29,95.88,0.19,2.94
509.78,5.34,95.88,0.19,2.94
510.03,5.33,95.88,0.19,2.94
510.28,5.33,95.88,0.19,2.94
510.53,5.32,95.88,0.19,2.94
510.78,5.31,95.88,0.19,2.94
511.03,5.31,95.88,0.19,2.94
511.28,5.30,95.88,0.19,2.94
511.53,5.30,95.88,0.19,2.94
511.78,5.28,95.88,0.19,2.94
512.03,5.28,95.88,0.19,2.94
512.28,5.27,95.88,0.19,2.94
512.53,5.32,95.88,0.19,2.94
512.78,5.29,95.88,0.19,2.94
513.03,5.29,95.88,0.19,2.94
513.28,5.27,95.88,0.19,2.94
513.53,5.27,95.88,0.19,2.94
513.78,5.25,95.88,0.19,2.94
514.03,5.25,95.88,0.19,2.94
514.28,5.25,95.88,0.19,2.94
514.54,5.24,95.88,0.19,2.94
514.79,5.29,95.88,0.19,2.94
515.04,5.28,95.88,0.19,2.94
515.29,5.27,95.88,0.19,2.94
515.54,5.27,95.88,0.19,2.94
515.79,5.22,95.88,0.19,2.94
516.04,5.22,95.88,0.19,2.94
516.29,5.21,95.88,0.19,2.94
516.54,5.40,95.88,0.19,2.94
516.79,5.36,95.88,0.19,2.94
517.04,5.35,95.88,0.19,2.94
517.29,5.34,95.88,0.19,2.94
517.54,5.34,95.88,0.19,2.94
517.79,5.33,95.88,0.19,2.94
518.04,5.33,95.88,0.19,2.94
518.29,5.33,95.88,0.19,2.94
518.54,5.32,95.88,0.19,2.94
518.79,5.31,95.88,0.19,2.94
519.04,5.31,95.88,0.19,2.94
519.29,5.30,95.88,0.19,2.94
519.54,5.30,95.88,0.19,2.94
519.79,5.28,95.88,0.19,2.94
520.04,5.28,95.88,0.19,2.94
520.29,5.28,95.88,0.19,2.94
520.55,5.27,95.88,0.19,2.94
520.80,5.37,95.88,0.19,2.94
521.05,5.36,95.88,0.19,2.94
521.30,5.36,95.88,0.19,2.94
521.55,5.35,95.88,0.19,2.94
521.80,5.34,95.88,0.19,2.94
522.05,5.34,95.88,0.19,2.94
522.30,5.33,95.88,0.19,2.94
522.55,5.33,95.88,0.19,2.94
522.80,5.31,95.88,0.19,2.94
523.05,5.31,95.88,0.19,2.94
523.30,5.31,95.88,0.19,2.94
523.55,5.31,95.88,0.19,2.94
523.80,5.29,95.88,0.19,2.94
524.05,5.29,95.88,0.19,2.94
524.30,5.29,95.88,0.19,2.94
524.55,5.29,95.88,0.19,2.94
524.80,5.35,95.88,0.19,2.94
525.05,5.35,95.88,0.19,2.94
525.30,5.35,95.88,0.19,2.94
525.55,5.34,95.88,0.19,2.94
525.80,5.32,95.88,0.19,2.94
526.05,5.31,95.88,0.19,2.94
526.30,5.30,95.88,0.19,2.94
526.56,5.30,95.88,0.19,2.94
526.81,5.29,95.88,0.19,2.94
527.06,5.29,95.88,0.19,2.94
527.31,5.28,95.88,0.19,2.94
527.56,5.28,95.88,0.19,2.94
527.81,5.31,95.88,0.19,2.94
528.06,5.31,95.88,0.19,2.94
528.31,5.30,95.88,0.19,2.94
528.56,5.30,95.88,0.19,2.94
528.81,5.27,95.88,0.19,2.94
529.06,5.27,95.88,0.19,2.94
529.31,5.27,95.88,0.19,2.94
529.56,5.27,95.88,0.19,2.94
529.81,5.23,95.88,0.19,2.94
530.06,5.23,95.88,0.19,2.94
530.31,5.23,95.88,0.19,2.94
530.56,5.23,95.88,0.19,2.94
530.81,5.21,95.88,0.19,2.94
531.06,5.21,95.88,0.19,2.94
531.31,5.28,95.88,0.19,2.94
531.56,5.27,95.88,0.19,2.94
531.81,5.25,95.88,0.19,2.94
532.07,5.23,95.88,0.19,2.94
532.32,5.22,95.88,0.19,2.94
532.57,5.22,95.88,0.19,2.94
532.82,5.17,95.88,0.19,2.94
533.07,5.17,95.88,0.19,2.94
533.32,5.17,95.88,0.19,2.94
533.57,5.16,95.88,0.19,2.94
533.82,5.25,95.88,0.19,2.94
534.07,5.24,95.88,0.19,2.94
534.32,5.24,95.88,0.19,2.94
534.57,5.24,95.88,0.19,2.94
534.82,5.22,95.88,0.19,2.94
535.07,5.22,95.88,0.19,2.94
535.32,5.22,95.88,0.19,2.94
535.57,5.21,95.88,0.19,2.94
535.82,5.20,95.88,0.19,2.94
536.07,5.20,95.88,0.19,2.94
536.32,5.20,95.88,0.19,2.94
536.57,5.19,95.88,0.19,2.94
536.82,5.21,95.88,0.19,2.94
537.07,5.45,95.88,0.19,2.94
537.32,5.44,95.88,0.19,2.94
537.57,5.38,95.88,0.19,2.94
537.83,5.36,95.88,0.19,2.94
538.08,5.36,95.88,0.19,2.94
538.33,5.45,95.88,0.19,2.94
538.58,5.43,95.88,0.19,2.94
538.83,5.40,95.88,0.19,2.94
539.08,5.40,95.88,0.19,2.94
539.33,5.40,95.88,0.19,2.94
539.58,5.39,95.88,0.19,2.94
539.83,5.39,95.88,0.19,2.94
540.08,5.38,95.88,0.19,2.94
540.33,5.36,95.88,0.19,2.94
540.58,5.35,95.88,0.19,2.94
540.83,5.35,95.88,0.19,2.94
541.08,5.34,95.88,0.19,2.94
541.33,5.34,95.88,0.19,2.94
541.58,5.34,95.88,0.19,2.94
541.83,5.64,95.88,0.19,2.94
542.08,5.64,95.88,0.19,2.94
542.33,5.55,95.88,0.19,2.94
542.58,5.87,95.88,0.19,2.94
542.84,5.96,95.88,0.19,2.94
543.09,5.77,95.88,0.19,2.94
543.34,5.64,95.88,0.19,2.94
543.59,6.76,95.88,0.19,2.94
543.84,6.75,95.88,0.19,2.94
544.09,6.52,95.88,0.19,2.94
544.34,6.46,95.88,0.19,2.94
544.59,6.46,95.88,0.19,2.94
544.84,6.41,95.88,0.19,2.99
545.09,6.41,95.88,0.19,2.99
545.34,6.41,95.88,0.19,2.99
545.59,6.41,95.88,0.19,2.99
545.84,6.29,95.88,0.19,3.11
546.09,6.67,95.88,0.19,3.13
546.34,6.53,95.88,0.19,3.27
546.59,6.54,95.88,0.19,3.27
546.84,6.54,95.88,0.19,3.27
547.09,6.54,95.88,0.19,3.27
547.35,6.54,95.88,0.19,3.27
547.60,6.55,95.88,0.19,3.27
547.85,6.55,95.88,0.19,3.27
548.10,6.55,95.88,0.19,3.27
548.35,6.55,95.88,0.19,3.27
548.60,6.55,95.88,0.19,3.27
548.85,6.62,95.88,0.19,3.27
549.10,6.62,95.88,0.19,3.27
549.35,6.60,95.88,0.19,3.27
549.60,6.61,95.88,0.19,3.27
549.85,6.61,95.88,0.19,3.27
550.10,6.61,95.88,0.19,3.27
550.35,6.60,95.88,0.19,3.27
550.60,6.62,95.88,0.19,3.27
550.85,7.17,95.88,0.19,3.27
551.10,7.17,95.88,0.19,3.27
551.35,7.09,95.88,0.19,3.27
551.60,7.08,95.88,0.19,3.27
551.85,7.07,95.88,0.19,3.27
552.10,7.06,95.88,0.19,3.27
552.35,7.06,95.88,0.19,3.27
552.60,7.05,95.88,0.19,3.27
552.86,7.05,95.88,0.19,3.27
553.11,7.05,95.88,0.19,3.27
553.36,7.04,95.88,0.19,3.27
553.61,7.04,95.88,0.19,3.27
553.86,7.03,95.88,0.19,3.27
554.11,7.05,95.88,0.19,3.27
554.36,7.05,95.88,0.19,3.27
554.61,7.05,95.88,0.19,3.27
554.86,7.04,95.88,0.19,3.27
555.11,7.04,95.88,0.19,3.27
555.36,7.04,95.88,0.19,3.27
555.61,7.04,95.88,0.19,3.27
555.86,7.03,95.88,0.19,3.27
556.11,7.03,95.88,0.19,3.27
556.36,7.03,95.88,0.19,3.27
556.61,7.03,95.88,0.19,3.27
556.86,7.03,95.88,0.19,3.27
557.11,7.02,95.88,0.19,3.27
557.36,7.02,95.88,0.19,3.27
557.61,7.03,95.88,0.19,3.27
557.86,7.02,95.88,0.19,3.27
558.11,7.03,95.88,0.19,3.27
558.36,7.02,95.88,0.19,3.27
558.61,7.03,95.88,0.19,3.27
558.87,7.01,95.88,0.19,3.27
559.12,7.01,95.88,0.19,3.27
559.37,7.01,95.88,0.19,3.27
559.62,7.02,95.88,0.19,3.27
559.87,7.02,95.88,0.19,3.27
560.12,7.01,95.88,0.19,3.27
560.37,7.01,95.88,0.19,3.27
560.62,7.01,95.88,0.19,3.27
560.87,7.01,95.88,0.19,3.27
561.12,7.01,95.88,0.19,3.27
561.37,7.00,95.88,0.19,3.27
561.62,7.00,95.88,0.19,3.27
561.87,6.99,95.88,0.19,3.27
562.12,6.98,95.88,0.19,3.27
562.37,6.98,95.88,0.19,3.27
562.62,6.98,95.88,0.19,3.27
562.87,7.16,95.88,0.19,3.27
563.12,7.16,95.88,0.19,3.27
563.37,7.13,95.88,0.19,3.27
563.62,7.13,95.88,0.19,3.27
563.87,7.11,95.88,0.19,3.27
564.12,7.10,95.88,0.19,3.27
564.37,7.09,95.88,0.19,3.27
564.62,7.09,95.88,0.19,3.27
564.87,7.09,95.88,0.19,3.27
565.13,7.08,95.88,0.19,3.27
565.38,7.08,95.88,0.19,3.27
565.63,7.08,95.88,0.19,3.27
565.88,7.07,95.88,0.19,3.27
566.13,7.07,95.88,0.19,3.27
566.38,7.06,95.88,0.19,3.27
566.63,7.06,95.88,0.19,3.27
566.88,7.06,95.88,0.19,3.27
567.13,7.05,95.88,0.19,3.27
567.38,7.05,95.88,0.19,3.27
567.63,7.05,95.88,0.19,3.27
567.88,7.04,95.88,0.19,3.27
568.13,7.04,95.88,0.19,3.27
568.38,7.04,95.88,0.19,3.27
568.63,7.03,95.88,0.19,3.27
568.88,7.02,95.88,0.19,3.27
569.13,7.02,95.88,0.19,3.27
569.38,7.02,95.88,0.19,3.27
569.63,7.01,95.88,0.19,3.27
569.88,7.00,95.88,0.19,3.27
570.13,7.00,95.88,0.19,3.27
570.38,7.00,95.88,0.19,3.27
570.63,7.00,95.88,0.19,3.27
570.89,6.99,95.88,0.19,3.27
571.14,6.99,95.88,0.19,3.27
571.39,6.99,95.88,0.19,3.27
571.64,6.99,95.88,0.19,3.27
571.89,6.98,95.88,0.19,3.27
572.14,7.05,95.88,0.19,3.27
572.39,7.04,95.88,0.19,3.27
572.64,7.04,95.88,0.19,3.27
572.89,7.02,95.88,0.19,3.27
573.14,7.02,95.88,0.19,3.27
573.39,7.01,95.88,0.19,3.27
573.64,7.01,95.88,0.19,3.27
573.89,7.00,95.88,0.19,3.27
574.14,7.00,95.88,0.19,3.27
574.39,6.99,95.88,0.19,3.27
574.64,6.99,95.88,0.19,3.27
574.89,7.06,95.88,0.19,3.27
575.14,7.05,95.88,0.19,3.27
575.39,7.04,95.88,0.19,3.27
575.64,7.02,95.88,0.19,3.27
575.89,7.02,95.88,0.19,3.27
576.14,7.01,95.88,0.19,3.27
576.39,7.01,95.88,0.19,3.27
576.65,7.01,95.88,0.19,3.27
576.90,6.99,95.88,0.19,3.27
577.15,6.99,95.88,0.19,3.27
577.40,6.98,95.88,0.19,3.27
577.65,6.98,95.88,0.19,3.27
577.90,6.96,95.88,0.19,3.27
578.15,6.96,95.88,0.19,3.27
578.40,6.96,95.88,0.19,3.27
578.65,6.96,95.88,0.19,3.27
578.90,6.99,95.88,0.19,3.27
579.15,6.99,95.88,0.19,3.27
579.40,6.98,95.88,0.19,3.27
579.65,6.98,95.88,0.19,3.27
579.90,6.96,95.88,0.19,3.27
580.15,6.95,95.88,0.19,3.27
580.40,6.95,95.88,0.19,3.27
580.65,6.93,95.88,0.19,3.27
580.90,6.93,95.88,0.19,3.27
581.15,6.93,95.88,0.19,3.27
581.40,6.92,95.88,0.19,3.27
581.65,6.97,95.88,0.19,3.27
581.90,6.95,95.88,0.19,3.27
582.15,6.94,95.88,0.19,3.27
582.40,6.94,95.88,0.19,3.27
582.65,6.94,95.88,0.19,3.27
582.90,6.91,95.88,0.19,3.27
583.15,6.90,95.88,0.19,3.27
583.41,6.90,95.88,0.19,3.27
583.66,6.89,95.88,0.19,3.27
583.91,6.88,95.88,0.19,3.27
584.16,6.88,95.88,0.19,3.27
584.41,6.88,95.88,0.19,3.27
584.66,6.88,95.88,0.19,3.27
584.91,6.94,95.88,0.19,3.27
585.16,6.93,95.88,0.19,3.27
585.41,6.92,95.88,0.19,3.27
585.66,6.92,95.88,0.19,3.27
585.91,6.90,95.88,0.19,3.27
586.16,6.85,95.88,0.19,3.29
586.41,6.85,95.88,0.19,3.29
586.66,6.96,95.88,0.19,3.29
586.91,6.95,95.88,0.19,3.29
587.16,6.93,95.88,0.19,3.29
587.41,6.91,95.88,0.19,3.29
587.66,6.90,95.88,0.19,3.29
587.91,6.92,95.88,0.19,3.22
588.16,6.87,95.88,0.19,3.28
588.42,6.79,95.88,0.19,3.37
588.67,6.79,95.88,0.19,3.37
588.92,6.78,95.88,0.19,3.37
589.17,6.78,95.88,0.19,3.37
589.42,6.77,95.88,0.19,3.37
589.67,6.77,95.88,0.19,3.37
589.92,6.76,95.88,0.19,3.37
590.17,6.76,95.88,0.19,3.37
590.42,6.75,95.88,0.19,3.37
590.67,6.74,95.88,0.19,3.37
590.92,6.84,95.88,0.19,3.37
591.17,6.83,95.88,0.19,3.37
591.42,6.82,95.88,0.19,3.37
591.67,6.82,95.88,0.19,3.37
591.92,6.81,95.88,0.19,3.37
592.17,6.80,95.88,0.19,3.37
592.42,6.79,95.88,0.19,3.37
592.67,6.78,95.88,0.19,3.37
592.92,6.75,95.88,0.19,3.37
593.17,6.74,95.88,0.19,3.37
593.42,6.73,95.88,0.19,3.37
593.67,6.73,95.88,0.19,3.37
593.93,6.78,95.88,0.19,3.37
594.18,6.75,95.88,0.19,3.37
594.43,6.73,95.88,0.19,3.37
594.68,6.71,95.88,0.19,3.37
594.93,6.68,95.88,0.19,3.37
595.18,6.68,95.88,0.19,3.37
595.43,6.67,95.88,0.19,3.37
595.68,6.67,95.88,0.19,3.37
595.93,6.66,95.88,0.19,3.37
596.18,6.66,95.88,0.19,3.37
596.43,6.66,95.88,0.19,3.37
596.68,6.65,95.88,0.19,3.37
596.93,6.76,95.88,0.19,3.37
597.18,6.75,95.88,0.19,3.37
597.43,6.75,95.88,0.19,3.37
597.68,6.74,95.88,0.19,3.37
597.93,6.71,95.88,0.19,3.37
598.18,6.70,95.88,0.19,3.37
598.43,6.69,95.88,0.19,3.37
598.68,6.68,95.88,0.19,3.37
598.93,6.73,95.88,0.19,3.37
599.18,6.71,95.88,0.19,3.37
599.44,6.71,95.88,0.19,3.37
599.69,6.70,95.88,0.19,3.37
599.94,6.68,95.88,0.19,3.37
600.19,6.67,95.88,0.19,3.37
600.44,6.68,95.88,0.19,3.37
600.69,6.67,95.88,0.19,3.37
600.94,6.66,95.88,0.19,3.37
601.19,6.66,95.88,0.19,3.37
601.44,6.70,95.88,0.19,3.37
601.69,6.70,95.88,0.19,3.37
601.94,6.66,95.88,0.19,3.37
602.19,6.66,95.88,0.19,3.37
602.44,6.65,95.88,0.19,3.37
602.69,6.65,95.88,0.19,3.37
602.94,6.64,95.88,0.19,3.37
603.19,6.64,95.88,0.19,3.37
603.44,6.63,95.88,0.19,3.37
603.69,6.63,95.88,0.19,3.37
603.94,6.65,95.88,0.19,3.37
604.19,6.64,95.88,0.19,3.37
604.44,6.64,95.88,0.19,3.37
604.69,6.63,95.88,0.19,3.37
604.94,6.60,95.88,0.19,3.37
605.19,6.60,95.88,0.19,3.37
605.44,6.60,95.88,0.19,3.37
605.70,6.60,95.88,0.19,3.37
605.95,6.59,95.88,0.19,3.37
606.20,6.59,95.88,0.19,3.37
606.45,6.59,95.88,0.19,3.37
606.70,6.58,95.88,0.19,3.37
606.95,6.63,95.88,0.19,3.37
607.20,6.62,95.88,0.19,3.37
607.45,6.62,95.88,0.19,3.37
607.70,6.59,95.88,0.19,3.37
607.95,6.57,95.88,0.19,3.37
608.20,6.56,95.88,0.19,3.37
608.45,6.56,95.88,0.19,3.37
608.70,6.54,95.88,0.19,3.37
608.95,6.58,95.88,0.19,3.37
609.20,6.57,95.88,0.19,3.37
609.45,6.56,95.88,0.19,3.37
609.70,6.55,95.88,0.19,3.37
609.95,6.53,95.88,0.19,3.37
610.20,6.52,95.88,0.19,3.37
610.45,6.52,95.88,0.19,3.37
610.70,6.52,95.88,0.19,3.37
610.95,6.51,95.88,0.19,3.37
611.20,6.51,95.88,0.19,3.37
611.46,6.58,95.88,0.19,3.37
611.71,6.57,95.88,0.19,3.37
611.96,6.54,95.88,0.19,3.37
612.21,6.54,95.88,0.19,3.37
612.46,6.53,95.88,0.19,3.37
612.71,6.53,95.88,0.19,3.37
612.96,6.52,95.88,0.19,3.37
613.21,6.52,95.88,0.19,3.37
613.46,6.52,95.88,0.19,3.37
613.71,6.52,95.88,0.19,3.37
613.96,6.49,95.88,0.19,3.37
614.21,6.49,95.88,0.19,3.37
614.46,6.47,95.88,0.19,3.37
614.71,6.47,95.88,0.19,3.37
614.96,6.46,95.88,0.19,3.37
615.21,6.46,95.88,0.19,3.37
615.46,6.46,95.88,0.19,3.37
615.71,6.45,95.88,0.19,3.37
615.96,6.44,95.88,0.19,3.37
616.21,6.43,95.88,0.19,3.37
616.46,6.43,95.88,0.19,3.37
616.71,6.43,95.88,0.19,3.37
616.96,6.48,95.88,0.19,3.37
617.21,6.48,95.88,0.19,3.37
617.46,6.45,95.88,0.19,3.37
617.72,6.44,95.88,0.19,3.37
617.97,6.41,95.88,0.19,3.37
618.22,6.41,95.88,0.19,3.37
618.47,6.41,95.88,0.19,3.37
618.72,6.41,95.88,0.19,3.37
618.97,6.40,95.88,0.19,3.37
619.22,6.40,95.88,0.19,3.37
619.47,6.40,95.88,0.19,3.37
619.72,6.40,95.88,0.19,3.37
619.97,6.47,95.88,0.19,3.37
620.22,6.47,95.88,0.19,3.37
620.47,6.46,95.88,0.19,3.37
620.72,6.44,95.88,0.19,3.37
620.97,6.43,95.88,0.19,3.37
621.22,6.42,95.88,0.19,3.37
621.47,6.42,95.88,0.19,3.37
621.72,6.42,95.88,0.19,3.37
621.97,6.42,95.88,0.19,3.37
622.22,6.42,95.88,0.19,3.37
622.47,6.41,95.88,0.19,3.37
622.72,6.40,95.88,0.19,3.37
622.97,6.39,95.88,0.19,3.37
623.23,6.39,95.88,0.19,3.37
623.48,6.38,95.88,0.19,3.37
623.73,6.38,95.88,0.19,3.37
623.98,6.36,95.88,0.19,3.37
624.23,6.36,95.88,0.19,3.37
624.48,6.36,95.88,0.19,3.37
624.73,6.35,95.88,0.19,3.37
624.98,6.40,95.88,0.19,3.37
625.23,6.39,95.88,0.19,3.37
625.48,6.39,95.88,0.19,3.37
625.73,6.39,95.88,0.19,3.37
625.98,6.36,95.88,0.19,3.37
626.23,6.36,95.88,0.19,3.37
626.48,6.36,95.88,0.19,3.37
626.73,6.35,95.88,0.19,3.37
626.98,6.34,95.88,0.19,3.37
627.23,6.33,95.88,0.19,3.37
627.48,6.33,95.88,0.19,3.37
627.73,6.33,95.88,0.19,3.37
627.98,6.37,95.88,0.19,3.37
628.23,6.36,95.88,0.19,3.37
628.48,6.34,95.88,0.19,3.37
628.73,6.33,95.88,0.19,3.37
628.98,6.31,95.88,0.19,3.37
629.24,6.30,95.88,0.19,3.37
629.49,6.30,95.88,0.19,3.37
629.74,6.30,95.88,0.19,3.37
629.99,6.37,95.88,0.19,3.37
630.24,6.35,95.88,0.19,3.37
630.49,6.35,95.88,0.19,3.37
630.74,6.34,95.88,0.19,3.37
630.99,6.24,95.88,0.19,3.41
631.24,6.24,95.88,0.19,3.41
631.49,6.24,95.88,0.19,3.41
631.74,6.24,95.88,0.19,3.41
631.99,6.21,95.88,0.19,3.41
632.24,6.28,95.88,0.19,3.41
632.49,6.26,95.88,0.19,3.41
632.74,6.26,95.88,0.19,3.37
632.99,6.24,95.88,0.19,3.37
633.24,6.08,95.88,0.19,3.51
633.49,6.06,95.88,0.19,3.51
633.74,6.06,95.88,0.19,3.51
633.99,6.13,95.88,0.19,3.51
634.24,6.13,95.88,0.19,3.51
634.50,6.12,95.88,0.19,3.51
634.75,6.12,95.88,0.19,3.51
635.00,6.10,95.88,0.19,3.51
635.25,6.10,95.88,0.19,3.51
635.50,6.09,95.88,0.19,3.51
635.75,6.09,95.88,0.19,3.51
636.00,6.08,95.88,0.19,3.51
636.25,6.08,95.88,0.19,3.51
636.50,6.08,95.88,0.19,3.51
636.75,6.07,95.88,0.19,3.51
637.00,6.10,95.88,0.19,3.51
637.25,6.09,95.88,0.19,3.51
637.50,6.08,95.88,0.19,3.51
637.75,6.07,95.88,0.19,3.51
638.00,6.06,95.88,0.19,3.51
638.25,6.05,95.88,0.19,3.51
638.50,6.05,95.88,0.19,3.51
638.75,6.04,95.88,0.19,3.51
639.00,6.10,95.88,0.19,3.51
639.25,6.08,95.88,0.19,3.51
639.50,6.08,95.88,0.19,3.51
639.75,6.07,95.88,0.19,3.51
640.00,6.05,95.88,0.19,3.51
640.25,6.03,95.88,0.19,3.51
640.51,6.02,95.88,0.19,3.51
640.76,6.02,95.88,0.19,3.51
641.01,6.01,95.88,0.19,3.51
641.26,6.08,95.88,0.19,3.51
641.51,6.06,95.88,0.19,3.51
641.76,6.06,95.88,0.19,3.51
642.01,6.02,95.88,0.19,3.51
642.26,6.01,95.88,0.19,3.51
642.51,6.00,95.88,0.19,3.51
642.76,5.99,95.88,0.19,3.51
643.01,5.98,95.88,0.19,3.51
643.26,5.98,95.88,0.19,3.51
643.51,5.98,95.88,0.19,3.51
643.76,6.05,95.88,0.19,3.51
644.01,6.02,95.88,0.19,3.51
644.26,6.02,95.88,0.19,3.51
644.51,6.01,95.88,0.19,3.51
644.76,6.00,95.88,0.19,3.51
645.01,5.98,95.88,0.19,3.51
645.26,5.97,95.88,0.19,3.51
645.51,5.96,95.88,0.19,3.51
645.76,5.96,95.88,0.19,3.51
646.01,6.02,95.88,0.19,3.51
646.26,6.00,95.88,0.19,3.51
646.52,6.00,95.88,0.19,3.51
646.77,5.99,95.88,0.19,3.51
647.02,5.97,95.88,0.19,3.51
647.27,5.97,95.88,0.19,3.51
647.52,5.97,95.88,0.19,3.51
647.77,5.96,95.88,0.19,3.51
648.02,5.95,95.88,0.19,3.51
648.27,5.95,95.88,0.19,3.51
648.52,5.94,95.88,0.19,3.51
648.77,5.94,95.88,0.19,3.51
649.02,5.93,95.88,0.19,3.51
649.27,5.92,95.88,0.19,3.51
649.52,5.92,95.88,0.19,3.51
649.77,5.90,95.88,0.19,3.51
650.02,5.92,95.88,0.19,3.51
650.27,5.92,95.88,0.19,3.51
650.52,5.89,95.88,0.19,3.51
650.77,5.88,95.88,0.19,3.51
651.02,5.88,95.88,0.19,3.51
651.27,5.88,95.88,0.19,3.51
651.52,5.88,95.88,0.19,3.51
651.77,5.87,95.88,0.19,3.51
652.02,5.86,95.88,0.19,3.51
652.27,5.86,95.88,0.19,3.51
652.53,5.85,95.88,0.19,3.51
652.78,5.85,95.88,0.19,3.51
653.03,5.83,95.88,0.19,3.51
653.28,5.93,95.88,0.19,3.51
653.53,5.92,95.88,0.19,3.51
653.78,5.92,95.88,0.19,3.51
654.03,5.88,95.88,0.19,3.51
654.28,5.88,95.88,0.19,3.51
654.53,5.87,95.88,0.19,3.51
654.78,5.87,95.88,0.19,3.51
655.03,5.86,95.88,0.19,3.51
655.28,5.85,95.88,0.19,3.51
655.53,5.84,95.88,0.19,3.51
655.78,5.83,95.88,0.19,3.51
656.03,5.82,95.88,0.19,3.51
656.28,5.88,95.88,0.19,3.51
656.53,5.87,95.88,0.19,3.51
656.78,5.86,95.88,0.19,3.51
657.03,5.85,95.88,0.19,3.51
657.28,5.85,95.88,0.19,3.51
657.53,5.85,95.88,0.19,3.51
657.78,5.83,95.88,0.19,3.51
658.03,5.83,95.88,0.19,3.51
658.28,5.82,95.88,0.19,3.51
658.54,5.80,95.88,0.19,3.51
658.79,5.80,95.88,0.19,3.51
659.04,5.78,95.88,0.19,3.51
659.29,5.77,95.88,0.19,3.51
659.54,5.77,95.88,0.19,3.51
659.79,5.76,95.88,0.19,3.51
660.04,5.85,95.88,0.19,3.51
660.29,5.84,95.88,0.19,3.51
660.54,5.84,95.88,0.19,3.51
660.79,5.83,95.88,0.19,3.51
661.04,5.82,95.88,0.19,3.51
661.29,5.81,95.88,0.19,3.51
661.54,5.81,95.88,0.19,3.51
661.79,5.80,95.88,0.19,3.51
662.04,5.78,95.88,0.19,3.51
662.29,5.78,95.88,0.19,3.51
662.54,5.77,95.88,0.19,3.51
662.79,5.76,95.88,0.19,3.51
663.04,5.77,95.88,0.19,3.51
663.29,5.76,95.88,0.19,3.51
663.54,5.76,95.88,0.19,3.51
663.79,5.75,95.88,0.19,3.51
664.04,5.75,95.88,0.19,3.51
664.30,5.74,95.88,0.19,3.51
664.55,5.73,95.88,0.19,3.51
664.80,5.73,95.88,0.19,3.51
665.05,5.72,95.88,0.19,3.51
665.30,5.72,95.88,0.19,3.51
665.55,5.71,95.88,0.19,3.51
665.80,5.70,95.88,0.19,3.51
666.05,5.70,95.88,0.19,3.51
666.30,5.69,95.88,0.19,3.51
666.55,5.69,95.88,0.19,3.51
666.80,5.69,95.88,0.19,3.51
667.05,5.73,95.88,0.19,3.51
667.30,5.72,95.88,0.19,3.51
667.55,5.72,95.88,0.19,3.51
667.80,5.71,95.88,0.19,3.51
668.05,5.70,95.88,0.19,3.51
668.30,5.69,95.88,0.19,3.51
668.55,5.68,95.88,0.19,3.51
668.80,5.68,95.88,0.19,3.51
669.05,5.71,95.88,0.19,3.51
669.30,5.70,95.88,0.19,3.51
669.55,5.68,95.88,0.19,3.51
669.81,5.67,95.88,0.19,3.51
670.06,5.66,95.88,0.19,3.51
670.31,5.72,95.88,0.19,3.51
670.56,5.72,95.88,0.19,3.51
670.81,5.71,95.88,0.19,3.51
671.06,5.68,95.88,0.19,3.51
671.31,5.68,95.88,0.19,3.51
671.56,5.67,95.88,0.19,3.51
671.81,5.66,95.88,0.19,3.51
672.06,5.65,95.88,0.19,3.51
672.31,5.64,95.88,0.19,3.51
672.56,5.64,95.88,0.19,3.51
672.81,5.63,95.88,0.19,3.51
673.06,5.69,95.88,0.19,3.51
673.31,5.68,95.88,0.19,3.51
673.56,5.67,95.88,0.19,3.51
673.81,5.66,95.88,0.19,3.51
674.06,5.63,95.88,0.19,3.51
674.31,5.63,95.88,0.19,3.51
674.56,5.62,95.88,0.19,3.51
674.81,5.61,95.88,0.19,3.51
675.06,5.60,95.88,0.19,3.51
675.31,5.60,95.88,0.19,3.51
675.56,5.60,95.88,0.19,3.51
675.82,5.59,95.88,0.19,3.51
676.07,5.57,95.88,0.19,3.51
676.32,5.57,95.88,0.19,3.51
676.57,5.56,95.88,0.19,3.51
676.82,5.55,95.88,0.19,3.51
677.07,5.63,95.88,0.19,3.51
677.32,5.62,95.88,0.19,3.51
677.57,5.60,95.88,0.19,3.51
677.82,5.60,95.88,0.19,3.51
678.07,5.56,95.88,0.19,3.51
678.32,5.56,95.88,0.19,3.51
678.57,5.51,95.88,0.19,3.56
678.82,5.51,95.88,0.19,3.56
679.07,5.51,95.88,0.19,3.56
679.32,5.50,95.88,0.19,3.56
679.57,5.50,95.88,0.19,3.56
679.82,5.50,95.88,0.19,3.56
680.07,5.49,95.88,0.19,3.56
680.32,5.48,95.88,0.19,3.51
680.57,5.48,95.88,0.19,3.51
680.82,5.48,95.88,0.19,3.51
681.07,5.42,95.88,0.19,3.65
681.32,5.41,95.88,0.19,3.65
681.58,5.40,95.88,0.19,3.65
681.83,5.40,95.88,0.19,3.65
682.08,5.38,95.88,0.19,3.65
682.33,5.38,95.88,0.19,3.65
682.58,5.37,95.88,0.19,3.65
682.83,5.37,95.88,0.19,3.65
683.08,5.37,95.88,0.19,3.65
683.33,5.36,95.88,0.19,3.65
683.58,5.35,95.88,0.19,3.65
683.83,5.35,95.88,0.19,3.65
684.08,5.38,95.88,0.19,3.65
684.33,5.38,95.88,0.19,3.65
684.58,5.37,95.88,0.19,3.65
684.83,5.36,95.88,0.19,3.65
685.08,5.36,95.88,0.19,3.65
685.33,5.35,95.88,0.19,3.65
685.58,5.35,95.88,0.19,3.65
685.83,5.34,95.88,0.19,3.65
686.08,5.31,95.88,0.19,3.65
686.33,5.31,95.88,0.19,3.65
686.58,5.31,95.88,0.19,3.65
686.83,5.31,95.88,0.19,3.65
687.08,5.31,95.88,0.19,3.65
687.33,5.31,95.88,0.19,3.65
687.58,5.30,95.88,0.19,3.65
687.83,5.30,95.88,0.19,3.65
688.09,5.31,95.88,0.19,3.65
688.34,5.31,95.88,0.19,3.65
688.59,5.30,95.88,0.19,3.65
688.84,5.30,95.88,0.19,3.65
689.09,5.30,95.88,0.19,3.65
689.34,5.30,95.88,0.19,3.65
689.59,5.30,95.88,0.19,3.65
689.84,5.29,95.88,0.19,3.65
690.09,5.28,95.88,0.19,3.65
690.34,5.27,95.88,0.19,3.65
690.59,5.27,95.88,0.19,3.65
690.84,5.33,95.88,0.19,3.65
691.09,5.30,95.88,0.19,3.65
691.34,5.27,95.88,0.19,3.65
691.59,5.28,95.88,0.19,3.65
691.84,5.28,95.88,0.19,3.65
692.09,5.23,95.88,0.19,3.65
692.34,5.24,95.88,0.19,3.65
692.59,5.23,95.88,0.19,3.65
692.84,5.23,95.88,0.19,3.65
693.09,5.23,95.88,0.19,3.65
693.34,5.23,95.88,0.19,3.65
693.59,5.23,95.88,0.19,3.65
693.84,5.29,95.88,0.19,3.65
694.09,5.23,95.88,0.19,3.65
694.35,5.23,95.88,0.19,3.65
694.60,5.22,95.88,0.19,3.65
694.85,5.22,95.88,0.19,3.65
695.10,5.22,95.88,0.19,3.65
695.35,5.22,95.88,0.19,3.65
695.60,5.21,95.88,0.19,3.65
695.85,5.21,95.88,0.19,3.65
696.10,5.23,95.88,0.19,3.65
696.35,5.22,95.88,0.19,3.65
696.60,5.21,95.88,0.19,3.65
696.85,5.21,95.88,0.19,3.65
697.10,5.21,95.88,0.19,3.65
697.35,5.21,95.88,0.19,3.65
697.60,5.20,95.88,0.19,3.65
697.85,5.20,95.88,0.19,3.65
698.10,5.17,95.88,0.19,3.65
698.35,5.17,95.88,0.19,3.65
698.60,5.17,95.88,0.19,3.65
698.85,5.17,95.88,0.19,3.65
699.10,5.22,95.88,0.19,3.65
699.35,5.21,95.88,0.19,3.65
699.60,5.19,95.88,0.19,3.65
699.85,5.18,95.88,0.19,3.65
700.10,5.17,95.88,0.19,3.65
700.35,5.17,95.88,0.19,3.65
700.60,5.15,95.88,0.19,3.65
700.86,5.15,95.88,0.19,3.65
701.11,5.14,95.88,0.19,3.65
701.36,5.14,95.88,0.19,3.65
701.61,5.14,95.88,0.19,3.65
701.86,5.19,95.88,0.19,3.65
702.11,5.08,95.88,0.19,3.65
702.36,5.10,95.88,0.19,3.65
702.61,5.10,95.88,0.19,3.65
702.86,5.09,95.88,0.19,3.65
703.11,5.30,95.88,0.19,3.65
703.36,5.29,95.88,0.19,3.65
703.61,5.28,95.88,0.19,3.65
703.86,5.28,95.88,0.19,3.65
704.11,5.27,95.88,0.19,3.65
704.36,5.27,95.88,0.19,3.65
704.61,5.26,95.88,0.19,3.65
704.86,5.25,95.88,0.19,3.65
705.11,5.24,95.88,0.19,3.65
705.36,5.24,95.88,0.19,3.65
705.61,5.23,95.88,0.19,3.65
705.86,5.22,95.88,0.19,3.65
706.11,5.20,95.88,0.19,3.65
706.36,5.19,95.88,0.19,3.65
706.62,5.19,95.88,0.19,3.65
706.87,5.19,95.88,0.19,3.65
707.12,5.18,95.88,0.19,3.65
707.37,5.25,95.88,0.19,3.65
707.62,5.24,95.88,0.19,3.65
707.87,5.23,95.88,0.19,3.65
708.12,5.20,95.88,0.19,3.65
708.37,5.20,95.88,0.19,3.65
708.62,5.19,95.88,0.19,3.65
708.87,5.18,95.88,0.19,3.65
709.12,5.16,95.88,0.19,3.65
709.37,5.17,95.88,0.19,3.65
709.62,5.16,95.88,0.19,3.65
709.87,5.16,95.88,0.19,3.65
710.12,5.19,95.88,0.19,3.65
710.37,5.18,95.88,0.19,3.65
710.62,5.18,95.88,0.19,3.65
710.87,5.17,95.88,0.19,3.65
711.12,5.16,95.88,0.19,3.65
711.37,5.14,95.88,0.19,3.65
711.62,5.15,95.88,0.19,3.65
711.87,5.14,95.88,0.19,3.65
712.12,5.15,95.88,0.19,3.65
712.37,5.15,95.88,0.19,3.65
712.62,5.14,95.88,0.19,3.65
712.87,5.14,95.88,0.19,3.65
713.13,5.11,95.88,0.19,3.65
713.38,5.11,95.88,0.19,3.65
713.63,5.11,95.88,0.19,3.65
713.88,5.09,95.88,0.19,3.65
714.13,5.09,95.88,0.19,3.65
714.38,5.08,95.88,0.19,3.65
714.63,5.07,95.88,0.19,3.65
714.88,5.06,95.88,0.19,3.65
715.13,5.07,95.88,0.19,3.65
715.38,5.07,95.88,0.19,3.65
715.63,5.13,95.88,0.19,3.65
715.88,5.11,95.88,0.19,3.65
716.13,5.12,95.88,0.19,3.65
716.38,5.11,95.88,0.19,3.65
716.63,5.11,95.88,0.19,3.65
716.88,5.10,95.88,0.19,3.65
717.13,5.09,95.88,0.19,3.65
717.38,5.09,95.88,0.19,3.65
717.63,5.08,95.88,0.19,3.65
717.88,5.08,95.88,0.19,3.65
718.13,5.18,95.88,0.19,3.65
718.38,5.15,95.88,0.19,3.65
718.63,5.13,95.88,0.19,3.65
718.88,5.13,95.88,0.19,3.65
719.14,5.11,95.88,0.19,3.65
719.39,5.10,95.88,0.19,3.65
719.64,5.10,95.88,0.19,3.65
719.89,5.09,95.88,0.19,3.65
720.14,5.07,95.88,0.19,3.65
720.39,5.07,95.88,0.19,3.65
720.64,5.06,95.88,0.19,3.65
720.89,5.06,95.88,0.19,3.65
721.14,5.13,95.88,0.19,3.65
721.39,5.12,95.88,0.19,3.65
721.64,5.10,95.88,0.19,3.65
721.89,5.10,95.88,0.19,3.65
722.14,5.09,95.88,0.19,3.65
722.39,5.08,95.88,0.19,3.65
722.64,5.08,95.88,0.19,3.65
722.89,5.08,95.88,0.19,3.65
723.14,5.06,95.88,0.19,3.65
723.39,5.05,95.88,0.19,3.65
723.64,5.05,95.88,0.19,3.65
723.89,5.04,95.88,0.19,3.65
724.14,5.03,95.88,0.19,3.65
724.39,5.03,95.88,0.19,3.65
724.64,5.02,95.88,0.19,3.65
724.89,5.02,95.88,0.19,3.65
725.15,5.01,95.88,0.19,3.65
725.40,5.00,95.88,0.19,3.65
725.65,5.00,95.88,0.19,3.65
725.90,5.00,95.88,0.19,3.65
726.15,5.03,95.88,0.19,3.65
726.40,5.03,95.88,0.19,3.65
726.65,5.02,95.88,0.19,3.65
726.90,5.02,95.88,0.19,3.65
727.15,4.99,95.88,0.19,3.65
727.40,5.00,95.88,0.19,3.65
727.65,5.01,95.88,0.19,3.65
727.90,5.01,95.88,0.19,3.65
728.15,4.99,95.88,0.19,3.65
728.40,4.99,95.88,0.19,3.65
728.65,4.99,95.88,0.19,3.65
728.90,4.99,95.88,0.19,3.65
729.15,4.97,95.88,0.19,3.65
729.40,4.97,95.88,0.19,3.65
729.65,4.96,95.88,0.19,3.65
729.90,4.96,95.88,0.19,3.65
730.15,5.01,95.88,0.19,3.65
730.40,5.00,95.88,0.19,3.65
730.66,5.00,95.88,0.19,3.65
730.91,4.99,95.88,0.19,3.65
731.16,4.97,95.88,0.19,3.65
731.41,4.92,95.88,0.19,3.70
731.66,4.92,95.88,0.19,3.70
731.91,4.91,95.88,0.19,3.70
732.16,4.91,95.88,0.19,3.70
732.41,5.01,95.88,0.19,3.70
732.66,5.00,95.88,0.19,3.70
732.91,4.99,95.88,0.19,3.70
733.16,4.96,95.88,0.19,3.70
733.41,4.96,95.88,0.19,3.70
733.66,4.95,95.88,0.19,3.70
733.91,4.99,95.88,0.19,3.65
734.16,4.98,95.88,0.19,3.65
734.41,4.83,95.88,0.19,3.80
734.66,4.83,95.88,0.19,3.80
734.91,4.83,95.88,0.19,3.80
735.16,4.82,95.88,0.19,3.80
735.42,4.81,95.88,0.19,3.80
735.67,4.80,95.88,0.19,3.80
735.92,4.79,95.88,0.19,3.80
736.17,4.79,95.88,0.19,3.80
736.42,4.79,95.88,0.19,3.80
736.67,4.78,95.88,0.19,3.80
736.92,4.78,95.88,0.19,3.80
737.17,4.83,95.88,0.19,3.80
737.42,4.82,95.88,0.19,3.80
737.67,4.82,95.88,0.19,3.80
737.92,4.82,95.88,0.19,3.80
738.17,4.81,95.88,0.19,3.80
738.42,4.81,95.88,0.19,3.80
738.67,4.81,95.88,0.19,3.80
738.92,4.80,95.88,0.19,3.80
739.17,4.79,95.88,0.19,3.80
739.42,4.79,95.88,0.19,3.80
739.67,4.79,95.88,0.19,3.80
739.92,4.78,95.88,0.19,3.80
740.17,4.77,95.88,0.19,3.80
740.42,4.76,95.88,0.19,3.80
740.67,4.76,95.88,0.19,3.80
740.92,4.81,95.88,0.19,3.80
741.17,4.77,95.88,0.19,3.80
741.42,4.77,95.88,0.19,3.80
741.68,4.77,95.88,0.19,3.80
741.93,4.76,95.88,0.19,3.80
742.18,4.73,95.88,0.19,3.80
742.43,4.76,95.88,0.19,3.80
742.68,4.76,95.88,0.19,3.80
742.93,4.74,95.88,0.19,3.80
743.18,4.74,95.88,0.19,3.80
743.43,4.73,95.88,0.19,3.80
743.68,4.72,95.88,0.19,3.80
743.93,4.71,95.88,0.19,3.80
744.18,4.77,95.88,0.19,3.80
744.43,4.76,95.88,0.19,3.80
744.68,4.75,95.88,0.19,3.80
744.93,4.75,95.88,0.19,3.80
745.18,4.74,95.88,0.19,3.80
745.43,4.74,95.88,0.19,3.80
745.68,4.73,95.88,0.19,3.80
745.93,4.73,95.88,0.19,3.80
746.18,4.71,95.88,0.19,3.80
746.43,4.71,95.88,0.19,3.80
746.68,4.70,95.88,0.19,3.80
746.93,4.73,95.88,0.19,3.80
747.18,4.69,95.88,0.19,3.80
747.43,4.69,95.88,0.19,3.80
747.69,4.68,95.88,0.19,3.80
747.94,4.65,95.88,0.19,3.80
748.19,4.63,95.88,0.19,3.80
748.44,4.63,95.88,0.19,3.80
748.69,4.63,95.88,0.19,3.80
748.94,4.62,95.88,0.19,3.80
749.19,4.66,95.88,0.19,3.80
749.44,4.66,95.88,0.19,3.80
749.69,4.65,95.88,0.19,3.80
749.94,4.65,95.88,0.19,3.80
750.19,4.64,95.88,0.19,3.80
750.44,4.64,95.88,0.19,3.80
750.69,4.63,95.88,0.19,3.80
750.94,4.72,95.88,0.19,3.80
751.19,4.72,95.88,0.19,3.80
751.44,4.72,95.88,0.19,3.80
751.69,4.72,95.88,0.19,3.80
751.94,4.72,95.88,0.19,3.80
752.19,4.70,95.88,0.19,3.80
752.44,4.69,95.88,0.19,3.80
752.69,4.69,95.88,0.19,3.80
752.94,4.68,95.88,0.19,3.80
753.19,4.68,95.88,0.19,3.80
753.45,4.68,95.88,0.19,3.80
753.70,4.68,95.88,0.19,3.80
753.95,4.68,95.88,0.19,3.80
754.20,4.67,95.88,0.19,3.80
754.45,4.77,95.88,0.19,3.80
754.70,4.76,95.88,0.19,3.80
754.95,4.75,95.88,0.19,3.80
755.20,4.73,95.88,0.19,3.80
755.45,4.73,95.88,0.19,3.80
755.70,4.71,95.88,0.19,3.80
755.95,4.71,95.88,0.19,3.80
756.20,4.69,95.88,0.19,3.80
756.45,4.68,95.88,0.19,3.80
756.70,4.68,95.88,0.19,3.80
756.95,4.67,95.88,0.19,3.80
757.20,4.67,95.88,0.19,3.80
757.45,4.66,95.88,0.19,3.80
757.70,4.66,95.88,0.19,3.80
757.95,4.65,95.88,0.19,3.80
758.20,4.64,95.88,0.19,3.80
758.45,4.64,95.88,0.19,3.80
758.70,4.64,95.88,0.19,3.80
758.95,4.64,95.88,0.19,3.80
759.20,4.62,95.88,0.19,3.80
759.46,4.62,95.88,0.19,3.80
759.71,4.62,95.88,0.19,3.80
759.96,4.61,95.88,0.19,3.80
760.21,4.68,95.88,0.19,3.80
760.46,4.67,95.88,0.19,3.80
760.71,4.67,95.88,0.19,3.80
760.96,4.66,95.88,0.19,3.80
761.21,4.63,95.88,0.19,3.80
761.46,4.63,95.88,0.19,3.80
761.71,4.63,95.88,0.19,3.80
761.96,4.63,95.88,0.19,3.80
762.21,4.62,95.88,0.19,3.80
762.46,4.62,95.88,0.19,3.80
762.71,4.62,95.88,0.19,3.80
762.96,4.61,95.88,0.19,3.80
763.21,4.61,95.88,0.19,3.80
763.46,4.60,95.88,0.19,3.80
763.71,4.60,95.88,0.19,3.80
763.96,4.60,95.88,0.19,3.80
764.21,4.65,95.88,0.19,3.80
764.46,4.64,95.88,0.19,3.80
764.71,4.63,95.88,0.19,3.80
764.96,4.61,95.88,0.19,3.80
765.21,4.59,95.88,0.19,3.80
765.46,4.58,95.88,0.19,3.80
765.71,4.58,95.88,0.19,3.80
765.97,4.58,95.88,0.19,3.80
766.22,4.57,95.88,0.19,3.80
766.47,4.56,95.88,0.19,3.80
766.72,4.56,95.88,0.19,3.80
766.97,4.56,95.88,0.19,3.80
767.22,4.54,95.88,0.19,3.80
767.47,4.58,95.88,0.19,3.80
767.72,4.58,95.88,0.19,3.80
767.97,4.57,95.88,0.19,3.80
768.22,4.54,95.88,0.19,3.80
768.47,4.54,95.88,0.19,3.80
768.72,4.54,95.88,0.19,3.80
768.97,4.53,95.88,0.19,3.80
769.22,4.52,95.88,0.19,3.80
769.47,4.52,95.88,0.19,3.80
769.72,4.52,95.88,0.19,3.80
769.97,4.52,95.88,0.19,3.80
770.22,4.53,95.88,0.19,3.80
770.47,4.53,95.88,0.19,3.80
770.72,4.52,95.88,0.19,3.80
770.97,4.52,95.88,0.19,3.80
771.22,4.51,95.88,0.19,3.80
771.47,4.50,95.88,0.19,3.80
771.72,4.50,95.88,0.19,3.80
771.98,4.50,95.88,0.19,3.80
772.23,4.49,95.88,0.19,3.80
772.48,4.49,95.88,0.19,3.80
772.73,4.49,95.88,0.19,3.80
772.98,4.48,95.88,0.19,3.80
773.23,4.47,95.88,0.19,3.80
773.48,4.66,95.88,0.19,3.80
773.73,4.65,95.88,0.19,3.80
773.98,4.64,95.88,0.19,3.80
774.23,4.63,95.88,0.19,3.80
774.48,4.82,95.88,0.19,3.80
774.73,4.82,95.88,0.19,3.80
774.98,4.81,95.88,0.19,3.80
775.23,4.79,95.88,0.19,3.80
775.48,4.79,95.88,0.19,3.80
775.73,4.78,95.88,0.19,3.80
775.98,4.77,95.88,0.19,3.80
776.23,4.76,95.88,0.19,3.80
776.48,4.76,95.88,0.19,3.80
776.73,4.76,95.88,0.19,3.80
776.98,4.75,95.88,0.19,3.80
777.23,4.73,95.88,0.19,3.80
777.48,4.74,95.88,0.19,3.80
777.74,4.73,95.88,0.19,3.80
777.99,4.79,95.88,0.19,3.80
778.24,4.75,95.88,0.19,3.80
778.49,4.74,95.88,0.19,3.80
778.74,4.74,95.88,0.19,3.80
778.99,4.74,95.88,0.19,3.80
779.24,4.72,95.88,0.19,3.80
779.49,4.71,95.88,0.19,3.80
779.74,4.71,95.88,0.19,3.80
779.99,4.71,95.88,0.19,3.80
780.24,4.69,95.88,0.19,3.80
780.49,4.69,95.88,0.19,3.80
780.74,4.68,95.88,0.19,3.80
780.99,4.68,95.88,0.19,3.80
781.24,4.73,95.88,0.19,3.80
781.49,4.71,95.88,0.19,3.80
781.74,4.71,95.88,0.19,3.80
781.99,4.70,95.88,0.19,3.80
782.24,4.67,95.88,0.19,3.80
782.49,4.67,95.88,0.19,3.80
782.74,4.67,95.88,0.19,3.80
782.99,4.66,95.88,0.19,3.80
783.24,4.64,95.88,0.19,3.80
783.49,4.64,95.88,0.19,3.80
783.74,4.72,95.88,0.19,3.80
784.00,4.70,95.88,0.19,3.80
784.25,4.66,95.88,0.19,3.80
784.50,4.66,95.88,0.19,3.80
784.75,4.65,95.88,0.19,3.80
785.00,4.64,95.88,0.19,3.80
785.25,4.63,95.88,0.19,3.80
785.50,4.63,95.88,0.19,3.80
785.75,4.62,95.88,0.19,3.80
786.00,4.62,95.88,0.19,3.80
786.25,4.69,95.88,0.19,3.80
786.50,4.63,95.88,0.19,3.86
786.75,4.62,95.88,0.19,3.86
787.00,4.61,95.88,0.19,3.86
787.25,4.58,95.88,0.19,3.86
787.50,4.58,95.88,0.19,3.86
787.75,4.58,95.88,0.19,3.86
788.00,4.58,95.88,0.19,3.86
788.25,4.56,95.88,0.19,3.86
788.50,4.56,95.88,0.19,3.86
788.75,4.64,95.88,0.19,3.80
789.00,4.88,95.88,0.19,3.80
789.25,4.87,95.88,0.19,3.80
789.51,4.86,95.88,0.19,3.94
789.76,4.85,95.88,0.19,3.94
790.01,4.84,95.88,0.19,3.94
791.23,4.83,95.88,0.19,3.94
791.48,4.83,95.88,0.19,3.94
791.73,4.83,95.88,0.19,3.94
791.98,4.82,95.88,0.19,3.94
792.23,4.80,95.88,0.19,3.94
792.48,4.82,95.88,0.19,3.94
792.73,4.89,95.88,0.19,3.94
792.98,4.88,95.88,0.19,3.94
793.23,4.87,95.88,0.19,3.94
793.48,4.87,95.88,0.19,3.94
793.73,4.87,95.88,0.19,3.94
793.98,4.85,95.88,0.19,3.94
794.23,4.85,95.88,0.19,3.94
794.48,4.85,95.88,0.19,3.94
794.74,4.85,95.88,0.19,3.94
794.99,4.84,95.88,0.19,3.94
795.24,4.86,95.88,0.19,3.94
795.49,4.85,95.88,0.19,3.94
795.74,5.11,95.88,0.19,3.94
795.99,5.57,95.88,0.19,3.94
796.24,5.55,95.88,0.19,3.94
796.49,5.56,95.88,0.19,3.94
796.74,5.56,95.88,0.19,3.94
796.99,6.01,95.88,0.19,3.94
797.24,6.48,95.88,0.19,3.94
797.49,6.48,95.88,0.19,3.94
797.74,6.46,95.88,0.19,3.94
797.99,6.46,95.88,0.19,3.94
798.24,6.45,95.88,0.19,3.94
798.49,6.45,95.88,0.19,3.94
798.74,6.44,95.88,0.19,3.94
798.99,6.43,95.88,0.19,3.94
799.24,6.48,95.88,0.19,3.94
799.49,6.48,95.88,0.19,3.94
799.74,6.47,95.88,0.19,3.94
799.99,6.47,95.88,0.19,3.94
800.24,6.45,95.88,0.19,3.94
800.49,6.45,95.88,0.19,3.94
800.74,6.45,95.88,0.19,3.94
801.00,6.44,95.88,0.19,3.94
801.25,6.43,95.88,0.19,3.94
801.50,6.43,95.88,0.19,3.94
801.75,6.43,95.88,0.19,3.94
802.00,6.42,95.88,0.19,3.94
802.25,6.42,95.88,0.19,3.94
802.50,6.41,95.88,0.19,3.94
802.75,6.41,95.88,0.19,3.94
803.00,6.41,95.88,0.19,3.94
803.25,6.41,95.88,0.19,3.94
803.50,6.52,95.88,0.19,3.94
803.75,6.51,95.88,0.19,3.94
804.00,6.49,95.88,0.19,3.94
804.25,6.47,95.88,0.19,3.94
804.50,6.47,95.88,0.19,3.94
804.75,6.46,95.88,0.19,3.94
805.00,6.46,95.88,0.19,3.94
805.25,6.45,95.88,0.19,3.94
805.50,6.45,95.88,0.19,3.94
805.75,6.44,95.88,0.19,3.94
806.00,6.44,95.88,0.19,3.94
806.25,6.42,95.88,0.19,3.94
806.51,6.41,95.88,0.19,3.94
806.76,6.41,95.88,0.19,3.94
807.01,6.40,95.88,0.19,3.94
807.26,6.38,95.88,0.19,3.94
807.51,6.38,95.88,0.19,3.94
807.76,6.38,95.88,0.19,3.94
808.01,6.38,95.88,0.19,3.94
808.26,6.45,95.88,0.19,3.94
808.51,6.45,95.88,0.19,3.94
808.76,6.44,95.88,0.19,3.94
809.01,6.43,95.88,0.19,3.94
809.26,6.42,95.88,0.19,3.94
809.51,6.41,95.88,0.19,3.94
809.76,6.41,95.88,0.19,3.94
810.01,6.39,95.88,0.19,3.94
810.26,6.38,95.88,0.19,3.94
810.51,6.38,95.88,0.19,3.94
810.76,6.37,95.88,0.19,3.94
811.01,6.37,95.88,0.19,3.94
811.26,6.36,95.88,0.19,3.94
811.51,6.35,95.88,0.19,3.94
811.76,6.35,95.88,0.19,3.94
812.01,6.34,95.88,0.19,3.94
812.26,6.33,95.88,0.19,3.94
812.51,6.33,95.88,0.19,3.94
812.76,6.32,95.88,0.19,3.94
813.02,6.32,95.88,0.19,3.94
813.27,6.40,95.88,0.19,3.94
813.52,6.39,95.88,0.19,3.94
813.77,6.37,95.88,0.19,3.94
814.02,6.37,95.88,0.19,3.94
814.27,6.34,95.88,0.19,3.94
814.52,6.33,95.88,0.19,3.94
814.77,6.33,95.88,0.19,3.94
815.02,6.32,95.88,0.19,3.94
815.27,6.31,95.88,0.19,3.94
815.52,6.31,95.88,0.19,3.94
815.77,6.34,95.88,0.19,3.94
816.02,6.33,95.88,0.19,3.94
816.27,6.29,95.88,0.19,3.94
816.52,6.28,95.88,0.19,3.94
816.77,6.28,95.88,0.19,3.94
817.02,6.27,95.88,0.19,3.94
817.27,6.26,95.88,0.19,3.94
817.52,6.26,95.88,0.19,3.94
817.77,6.47,95.88,0.19,3.94
818.02,6.46,95.88,0.19,3.94
818.27,6.43,95.88,0.19,3.94
818.53,6.43,95.88,0.19,3.94
818.78,6.42,95.88,0.19,3.94
819.03,6.42,95.88,0.19,3.94
819.28,6.41,95.88,0.19,3.94
819.53,6.41,95.88,0.19,3.94
819.78,6.40,95.88,0.19,3.94
820.03,6.40,95.88,0.19,3.94
820.28,6.39,95.88,0.19,3.94
820.53,6.39,95.88,0.19,3.94
820.78,6.39,95.88,0.19,3.94
821.03,6.39,95.88,0.19,3.94
821.28,6.38,95.88,0.19,3.94
821.53,6.42,95.88,0.19,3.94
821.78,6.41,95.88,0.19,3.94
822.03,6.40,95.88,0.19,3.94
822.28,6.38,95.88,0.19,3.94
822.53,6.37,95.88,0.19,3.94
822.78,6.37,95.88,0.19,3.94
823.03,6.37,95.88,0.19,3.94
823.28,6.36,95.88,0.19,3.94
823.53,6.35,95.88,0.19,3.94
823.78,6.35,95.88,0.19,3.94
824.03,6.35,95.88,0.19,3.94
824.28,6.29,95.88,0.19,3.94
824.53,6.29,95.88,0.19,3.94
824.78,6.29,95.88,0.19,3.94
825.03,6.29,95.88,0.19,3.94
825.28,6.28,95.88,0.19,3.94
825.54,6.28,95.88,0.19,3.94
825.79,6.27,95.88,0.19,3.94
826.04,6.27,95.88,0.19,3.94
826.29,6.26,95.88,0.19,3.94
826.54,6.26,95.88,0.19,3.94
826.79,6.26,95.88,0.19,3.94
827.04,6.25,95.88,0.19,3.94
827.29,6.31,95.88,0.19,3.94
827.54,6.30,95.88,0.19,3.94
827.79,6.29,95.88,0.19,3.94
828.04,6.27,95.88,0.19,3.94
828.29,6.27,95.88,0.19,3.94
828.54,6.26,95.88,0.19,3.94
828.79,6.25,95.88,0.19,3.94
829.04,6.25,95.88,0.19,3.94
829.29,6.25,95.88,0.19,3.94
829.54,6.24,95.88,0.19,3.94
829.79,6.23,95.88,0.19,3.94
830.04,6.23,95.88,0.19,3.94
830.29,6.21,95.88,0.19,3.94
830.54,6.21,95.88,0.19,3.94
830.79,6.21,95.88,0.19,3.94
831.04,6.21,95.88,0.19,3.94
831.29,6.19,95.88,0.19,3.94
831.54,6.19,95.88,0.19,3.94
831.80,6.27,95.88,0.19,3.94
832.05,6.24,95.88,0.19,3.94
832.30,6.21,95.88,0.19,3.94
832.55,6.21,95.88,0.19,3.94
832.80,6.20,95.88,0.19,3.94
833.05,6.20,95.88,0.19,3.94
833.30,6.19,95.88,0.19,3.94
833.55,6.19,95.88,0.19,3.94
833.80,6.18,95.88,0.19,3.94
834.05,6.18,95.88,0.19,3.94
834.30,6.22,95.88,0.19,3.94
834.55,6.22,95.88,0.19,3.94
834.80,6.22,95.88,0.19,3.94
835.05,6.21,95.88,0.19,3.94
835.30,6.19,95.88,0.19,3.94
835.55,6.19,95.88,0.19,3.94
835.80,6.18,95.88,0.19,3.94
836.05,6.17,95.88,0.19,3.94
836.30,6.14,95.88,0.19,3.94
836.55,6.14,95.88,0.19,3.94
836.80,6.22,95.88,0.19,3.94
837.05,6.21,95.88,0.19,3.94
837.30,6.18,95.88,0.19,3.94
837.55,6.18,95.88,0.19,3.94
837.81,6.18,95.88,0.19,3.94
838.06,6.17,95.88,0.19,3.94
838.31,6.14,95.88,0.19,3.94
838.56,6.14,95.88,0.19,3.94
838.81,6.13,95.88,0.19,3.94
839.06,6.14,95.88,0.19,3.94
839.31,6.13,95.88,0.19,3.94
839.56,6.12,95.88,0.19,3.94
839.81,6.12,95.88,0.19,3.94
840.06,6.11,95.88,0.19,3.94
840.31,6.23,95.88,0.19,3.94
840.56,6.23,95.88,0.19,3.94
840.81,6.22,95.88,0.19,3.94
841.06,6.22,95.88,0.19,3.94
841.31,6.20,95.88,0.19,3.94
841.56,6.19,95.88,0.19,3.94
841.81,6.19,95.88,0.19,3.94
842.06,6.18,95.88,0.19,3.94
842.31,6.17,95.88,0.19,3.94
842.56,6.17,95.88,0.19,3.94
842.81,6.16,95.88,0.19,3.94
843.06,6.15,95.88,0.19,3.94
843.31,6.14,95.88,0.19,3.94
843.57,6.14,95.88,0.19,3.94
843.82,6.13,95.88,0.19,3.94
844.07,6.13,95.88,0.19,3.94
844.32,6.06,95.88,0.19,4.00
844.57,6.05,95.88,0.19,4.00
844.82,6.04,95.88,0.19,4.00
845.07,6.04,95.88,0.19,4.00
845.32,6.02,95.88,0.19,4.00
845.57,6.02,95.88,0.19,4.00
845.82,6.02,95.88,0.19,4.00
846.07,6.01,95.88,0.19,4.00
846.32,5.99,95.88,0.19,4.00
846.57,6.00,95.88,0.19,4.00
846.82,5.99,95.88,0.19,4.00
847.07,6.00,95.88,0.19,3.94
847.32,5.99,95.88,0.19,3.94
847.57,5.99,95.88,0.19,3.94
847.82,5.98,95.88,0.19,3.94
848.07,5.99,95.88,0.19,3.94
848.32,5.98,95.88,0.19,3.94
848.57,5.96,95.88,0.19,3.94
848.82,5.96,95.88,0.19,3.94
849.08,5.94,95.88,0.19,3.94
849.33,5.95,95.88,0.19,3.94
849.58,5.94,95.88,0.19,3.94
849.83,5.94,95.88,0.19,3.94
850.08,5.93,95.88,0.19,3.94
850.33,5.93,95.88,0.19,3.94
850.58,5.92,95.88,0.19,3.94
850.83,5.93,95.88,0.19,3.94
851.08,5.99,95.88,0.19,3.94
851.33,6.07,95.88,0.19,3.94
851.58,6.06,95.88,0.19,3.94
851.83,6.05,95.88,0.19,3.94
852.08,6.04,95.88,0.19,3.94
852.33,6.03,95.88,0.19,3.94
852.58,6.02,95.88,0.19,3.94
852.83,6.02,95.88,0.19,3.94
853.08,6.02,95.88,0.19,3.94
853.33,6.01,95.88,0.19,3.94
853.58,6.02,95.88,0.19,3.94
853.83,6.00,95.88,0.19,3.94
854.08,5.97,95.88,0.19,3.94
854.33,5.97,95.88,0.19,3.94
854.58,5.97,95.88,0.19,3.94
854.83,5.97,95.88,0.19,3.94
855.09,5.95,95.88,0.19,3.94
855.34,5.95,95.88,0.19,3.94
855.59,5.95,95.88,0.19,3.94
855.84,5.94,95.88,0.19,3.94
856.09,5.94,95.88,0.19,3.94
856.34,5.94,95.88,0.19,3.94
856.59,5.93,95.88,0.19,3.94
856.84,5.93,95.88,0.19,3.94
857.09,5.93,95.88,0.19,3.94
857.34,6.02,95.88,0.19,3.94
857.59,6.02,95.88,0.19,3.94
857.84,6.01,95.88,0.19,3.94
858.09,5.97,95.88,0.19,3.94
858.34,5.96,95.88,0.19,3.94
858.59,5.95,95.88,0.19,3.94
858.84,5.94,95.88,0.19,3.95
859.09,5.93,95.88,0.19,3.95
859.34,5.93,95.88,0.19,3.95
859.59,5.78,95.88,0.19,4.09
859.84,5.77,95.88,0.19,4.09
860.09,5.77,95.88,0.19,4.09
860.35,5.78,95.88,0.19,4.09
860.60,5.77,95.88,0.19,4.09
860.85,5.75,95.88,0.19,4.09
861.10,5.74,95.88,0.19,4.09
861.35,5.74,95.88,0.19,4.09
861.60,5.74,95.88,0.19,4.09
861.85,5.74,95.88,0.19,4.09
862.10,5.80,95.88,0.19,4.09
862.35,5.80,95.88,0.19,4.09
862.60,5.79,95.88,0.19,4.09
862.85,5.79,95.88,0.19,4.09
863.10,5.77,95.88,0.19,4.09
863.35,5.76,95.88,0.19,4.09
863.60,5.76,95.88,0.19,4.09
863.85,5.76,95.88,0.19,4.09
864.10,5.75,95.88,0.19,4.09
864.35,5.74,95.88,0.19,4.09
864.60,5.74,95.88,0.19,4.09
864.85,5.73,95.88,0.19,4.09
865.10,5.78,95.88,0.19,4.09
865.35,5.78,95.88,0.19,4.09
865.60,5.77,95.88,0.19,4.09
865.85,5.76,95.88,0.19,4.09
866.11,5.75,95.88,0.19,4.09
866.36,5.74,95.88,0.19,4.09
866.61,5.74,95.88,0.19,4.09
866.86,5.74,95.88,0.19,4.09
867.11,5.72,95.88,0.19,4.09
867.36,5.72,95.88,0.19,4.09
867.61,5.72,95.88,0.19,4.09
867.86,5.71,95.88,0.19,4.09
868.11,5.69,95.88,0.19,4.09
868.36,5.68,95.88,0.19,4.09
868.61,5.68,95.88,0.19,4.09
868.86,5.67,95.88,0.19,4.09
869.11,5.71,95.88,0.19,4.09
869.36,5.69,95.88,0.19,4.09
869.61,5.69,95.88,0.19,4.09
869.86,5.68,95.88,0.19,4.09
870.11,5.66,95.88,0.19,4.09
870.36,5.67,95.88,0.19,4.09
870.61,5.67,95.88,0.19,4.09
870.86,5.66,95.88,0.19,4.09
871.11,5.65,95.88,0.19,4.09
871.36,5.65,95.88,0.19,4.09
871.61,5.65,95.88,0.19,4.09
871.86,5.63,95.88,0.19,4.09
872.12,5.62,95.88,0.19,4.09
872.37,5.61,95.88,0.19,4.09
872.62,5.61,95.88,0.19,4.09
872.87,5.61,95.88,0.19,4.09
873.12,5.60,95.88,0.19,4.09
873.37,5.60,95.88,0.19,4.09
873.62,5.59,95.88,0.19,4.09
873.87,5.66,95.88,0.19,4.09
874.12,5.63,95.88,0.19,4.09
874.37,5.62,95.88,0.19,4.09
874.62,5.60,95.88,0.19,4.10
874.87,5.60,95.88,0.19,4.10
875.12,5.60,95.88,0.19,4.10
875.37,5.59,95.88,0.19,4.10
875.62,5.45,95.88,0.19,4.24
875.87,5.46,95.88,0.19,4.24
876.12,5.45,95.88,0.19,4.24
876.37,5.45,95.88,0.19,4.24
876.62,5.44,95.88,0.19,4.24
876.87,5.43,95.88,0.19,4.24
877.12,5.42,95.88,0.19,4.24
877.37,5.49,95.88,0.19,4.24
877.63,5.48,95.88,0.19,4.24
877.88,5.48,95.88,0.19,4.24
878.13,5.43,95.88,0.19,4.24
878.38,5.41,95.88,0.19,4.24
878.63,5.41,95.88,0.19,4.24
878.88,5.40,95.88,0.19,4.24
879.13,5.39,95.88,0.19,4.24
879.38,5.39,95.88,0.19,4.24
879.63,5.39,95.88,0.19,4.24
879.88,5.39,95.88,0.19,4.24
880.13,5.37,95.88,0.19,4.24
880.38,5.37,95.88,0.19,4.24
880.63,5.37,95.88,0.19,4.24
880.88,5.37,95.88,0.19,4.24
881.13,5.36,95.88,0.19,4.24
881.38,5.36,95.88,0.19,4.24
881.63,5.35,95.88,0.19,4.24
881.89,5.35,95.88,0.19,4.24
882.14,5.39,95.88,0.19,4.24
882.39,5.39,95.88,0.19,4.24
882.64,5.38,95.88,0.19,4.24
882.89,5.38,95.88,0.19,4.24
883.14,5.38,95.88,0.19,4.24
883.39,5.36,95.88,0.19,4.24
883.64,5.36,95.88,0.19,4.24
883.89,5.35,95.88,0.19,4.24
884.14,5.33,95.88,0.19,4.24
884.39,5.33,95.88,0.19,4.24
884.64,5.34,95.88,0.19,4.24
884.89,5.34,95.88,0.19,4.24
885.14,5.33,95.88,0.19,4.24
885.39,5.33,95.88,0.19,4.24
885.64,5.33,95.88,0.19,4.24
885.89,5.32,95.88,0.19,4.24
886.15,5.31,95.88,0.19,4.24
886.40,5.31,95.88,0.19,4.24
886.65,5.31,95.88,0.19,4.24
886.90,5.36,95.88,0.19,4.24
887.15,5.31,95.88,0.19,4.24
887.40,5.31,95.88,0.19,4.24
887.65,5.30,95.88,0.19,4.24
887.90,5.30,95.88,0.19,4.24
888.15,5.28,95.88,0.19,4.24
888.40,5.28,95.88,0.19,4.24
888.65,5.26,95.88,0.19,4.24
888.90,5.26,95.88,0.19,4.24
889.15,5.25,95.88,0.19,4.24
889.40,5.24,95.88,0.19,4.24
889.65,5.24,95.88,0.19,4.24
889.90,5.24,95.88,0.19,4.24
890.16,5.23,95.88,0.19,4.24
890.41,5.32,95.88,0.19,4.24
890.66,5.31,95.88,0.19,4.24
890.91,5.31,95.88,0.19,4.24
891.16,5.27,95.88,0.19,4.24
891.41,5.26,95.88,0.19,4.24
891.66,5.26,95.88,0.19,4.24
891.91,5.25,95.88,0.19,4.24
892.16,5.24,95.88,0.19,4.24
892.41,5.23,95.88,0.19,4.24
892.66,5.22,95.88,0.19,4.24
892.91,5.22,95.88,0.19,4.24
893.16,5.20,95.88,0.19,4.24
893.41,5.29,95.88,0.19,4.24
893.66,5.28,95.88,0.19,4.24
893.91,5.27,95.88,0.19,4.24
894.16,5.24,95.88,0.19,4.24
894.42,5.23,95.88,0.19,4.24
894.67,5.23,95.88,0.19,4.24
894.92,5.23,95.88,0.19,4.24
895.17,5.20,95.88,0.19,4.24
895.42,5.21,95.88,0.19,4.24
895.67,5.21,95.88,0.19,4.24
895.92,5.20,95.88,0.19,4.24
896.17,5.19,95.88,0.19,4.24
896.42,5.24,95.88,0.19,4.24
896.67,5.23,95.88,0.19,4.24
896.92,5.22,95.88,0.19,4.24
897.17,5.20,95.88,0.19,4.24
897.42,5.19,95.88,0.19,4.24
897.67,5.18,95.88,0.19,4.24
897.92,5.17,95.88,0.19,4.24
898.17,5.16,95.88,0.19,4.24
898.43,5.16,95.88,0.19,4.24
898.68,5.16,95.88,0.19,4.24
898.93,5.15,95.88,0.19,4.24
899.18,5.18,95.88,0.19,4.24
899.43,5.17,95.88,0.19,4.24
899.68,5.16,95.88,0.19,4.24
899.93,5.15,95.88,0.19,4.24
900.18,5.14,95.88,0.19,4.24
900.43,5.14,95.88,0.19,4.24
900.68,5.13,95.88,0.19,4.24
900.93,5.13,95.88,0.19,4.24
901.18,5.12,95.88,0.19,4.24
901.43,5.12,95.88,0.19,4.24
901.68,5.11,95.88,0.19,4.24
901.93,5.10,95.88,0.19,4.24
902.18,5.14,95.88,0.19,4.24
902.43,5.13,95.88,0.19,4.24
902.68,5.12,95.88,0.19,4.24
902.93,5.12,95.88,0.19,4.24
903.18,5.11,95.88,0.19,4.24
903.43,5.10,95.88,0.19,4.24
903.68,5.09,95.88,0.19,4.24
903.93,5.08,95.88,0.19,4.24
904.18,5.08,95.88,0.19,4.24
904.43,5.08,95.88,0.19,4.24
904.68,5.08,95.88,0.19,4.24
904.93,5.07,95.88,0.19,4.24
905.18,5.04,95.88,0.19,4.24
905.43,5.03,95.88,0.19,4.24
905.69,5.03,95.88,0.19,4.24
905.94,5.02,95.88,0.19,4.24
906.19,5.09,95.88,0.19,4.24
906.44,5.08,95.88,0.19,4.24
906.69,5.08,95.88,0.19,4.24
906.94,5.08,95.88,0.19,4.24
907.19,5.05,95.88,0.19,4.24
907.44,5.05,95.88,0.19,4.24
907.69,5.05,95.88,0.19,4.24
907.94,5.05,95.88,0.19,4.24
908.19,5.04,95.88,0.19,4.24
908.44,5.03,95.88,0.19,4.24
908.69,5.03,95.88,0.19,4.24
908.94,5.03,95.88,0.19,4.24
909.19,5.08,95.88,0.19,4.24
909.44,5.06,95.88,0.19,4.24
909.69,5.05,95.88,0.19,4.24
909.94,5.05,95.88,0.19,4.24
910.19,5.04,95.88,0.19,4.24
910.44,5.04,95.88,0.19,4.24
910.69,5.06,95.88,0.19,4.24
910.94,5.05,95.88,0.19,4.24
911.19,5.05,95.88,0.19,4.24
911.44,5.04,95.88,0.19,4.24
911.70,5.04,95.88,0.19,4.24
911.95,5.03,95.88,0.19,4.24
912.20,5.03,95.88,0.19,4.24
912.45,5.12,95.88,0.19,4.24
912.70,5.10,95.88,0.19,4.24
912.95,5.09,95.88,0.19,4.24
913.20,5.06,95.88,0.19,4.24
913.45,5.05,95.88,0.19,4.24
913.70,5.05,95.88,0.19,4.24
913.95,5.05,95.88,0.19,4.24
914.20,5.04,95.88,0.19,4.24
914.45,5.04,95.88,0.19,4.24
914.70,5.01,95.88,0.19,4.24
914.95,5.01,95.88,0.19,4.24
915.20,5.00,95.88,0.19,4.24
915.45,5.00,95.88,0.19,4.24
915.71,4.99,95.88,0.19,4.24
915.96,4.99,95.88,0.19,4.24
916.21,4.98,95.88,0.19,4.24
916.46,4.98,95.88,0.19,4.24
916.71,4.97,95.88,0.19,4.24
916.96,4.97,95.88,0.19,4.24
917.21,4.97,95.88,0.19,4.24
917.46,4.96,95.88,0.19,4.24
917.71,4.96,95.88,0.19,4.24
917.96,5.05,95.88,0.19,4.24
918.21,4.99,95.88,0.19,4.24
918.46,4.98,95.88,0.19,4.24
918.71,4.98,95.88,0.19,4.24
918.96,4.97,95.88,0.19,4.24
919.21,4.97,95.88,0.19,4.24
919.46,4.96,95.88,0.19,4.24
919.71,4.96,95.88,0.19,4.24
919.97,4.96,95.88,0.19,4.24
920.22,5.01,95.88,0.19,4.24
920.47,5.00,95.88,0.19,4.24
920.72,4.99,95.88,0.19,4.24
920.97,4.98,95.88,0.19,4.24
921.22,4.97,95.88,0.19,4.24
921.47,4.96,95.88,0.19,4.24
921.72,4.96,95.88,0.19,4.24
921.97,4.95,95.88,0.19,4.24
922.22,4.95,95.88,0.19,4.24
922.47,4.95,95.88,0.19,4.24
922.72,4.94,95.88,0.19,4.24
922.97,4.94,95.88,0.19,4.24
923.22,4.93,95.88,0.19,4.24
923.47,4.90,95.88,0.19,4.24
923.72,4.90,95.88,0.19,4.24
923.97,4.90,95.88,0.19,4.24
924.23,4.88,95.88,0.19,4.24
924.48,4.88,95.88,0.19,4.24
924.73,4.90,95.88,0.19,4.24
924.98,4.90,95.88,0.19,4.24
925.23,4.88,95.88,0.19,4.24
925.48,4.88,95.88,0.19,4.24
925.73,4.87,95.88,0.19,4.24
925.98,4.86,95.88,0.19,4.24
926.23,4.86,95.88,0.19,4.24
926.48,4.85,95.88,0.19,4.24
926.73,4.85,95.88,0.19,4.24
926.98,4.84,95.88,0.19,4.24
927.23,4.93,95.88,0.19,4.24
927.48,4.92,95.88,0.19,4.24
927.73,4.89,95.88,0.19,4.24
927.98,4.89,95.88,0.19,4.24
928.24,4.87,95.88,0.19,4.24
928.49,4.86,95.88,0.19,4.24
928.74,4.85,95.88,0.19,4.24
928.99,4.85,95.88,0.19,4.24
929.24,4.84,95.88,0.19,4.24
929.49,4.84,95.88,0.19,4.24
929.74,4.83,95.88,0.19,4.24
929.99,4.82,95.88,0.19,4.24
930.24,4.85,95.88,0.19,4.24
930.49,4.85,95.88,0.19,4.24
930.74,4.84,95.88,0.19,4.24
930.99,4.84,95.88,0.19,4.24
931.24,4.83,95.88,0.19,4.24
931.49,4.83,95.88,0.19,4.24
931.74,4.82,95.88,0.19,4.24
931.99,4.81,95.88,0.19,4.24
932.24,4.84,95.88,0.19,4.24
932.50,4.83,95.88,0.19,4.24
932.75,4.83,95.88,0.19,4.24
933.00,4.83,95.88,0.19,4.24
933.25,4.80,95.88,0.19,4.24
933.50,4.80,95.88,0.19,4.24
933.75,4.79,95.88,0.19,4.24
934.00,4.78,95.88,0.19,4.24
934.25,4.77,95.88,0.19,4.24
934.50,4.77,95.88,0.19,4.24
934.75,4.76,95.88,0.19,4.24
935.00,4.76,95.88,0.19,4.24
935.25,4.77,95.88,0.19,4.24
935.50,4.77,95.88,0.19,4.24
935.75,4.76,95.88,0.19,4.24
936.00,4.76,95.88,0.19,4.24
936.25,4.78,95.88,0.19,4.24
936.51,4.77,95.88,0.19,4.24
936.76,4.77,95.88,0.19,4.24
937.01,4.76,95.88,0.19,4.24
937.26,4.76,95.89,0.19,4.24
937.51,4.76,95.89,0.19,4.24
937.76,4.75,95.89,0.19,4.24
938.01,4.74,95.89,0.19,4.24
938.26,4.73,95.89,0.19,4.24
938.51,4.72,95.89,0.19,4.24
938.76,4.71,95.89,0.19,4.24
939.01,4.77,95.89,0.19,4.24
939.26,4.74,95.89,0.19,4.24
939.51,4.73,95.89,0.19,4.24
939.76,4.73,95.89,0.19,4.24
940.02,4.72,95.89,0.19,4.24
940.27,4.70,95.89,0.19,4.24
940.52,4.70,95.89,0.19,4.24
940.77,4.70,95.89,0.19,4.24
941.02,4.69,95.89,0.19,4.24
941.27,4.71,95.89,0.19,4.24
941.52,4.71,95.89,0.19,4.24
941.77,4.70,95.89,0.19,4.24
942.02,4.70,95.89,0.19,4.24
942.27,4.73,95.89,0.19,4.24
942.52,4.72,95.89,0.19,4.24
942.77,4.72,95.89,0.19,4.24
943.02,4.72,95.89,0.19,4.24
943.27,4.69,95.89,0.19,4.24
943.52,4.68,95.89,0.19,4.24
943.78,4.68,95.89,0.19,4.24
944.03,4.68,95.89,0.19,4.24
944.28,4.66,95.89,0.19,4.24
944.53,4.66,95.89,0.19,4.24
944.78,4.66,95.89,0.19,4.24
945.03,4.71,95.89,0.19,4.24
945.28,4.66,95.89,0.19,4.24
945.53,4.66,95.89,0.19,4.24
945.78,4.65,95.89,0.19,4.24
946.03,4.73,95.89,0.19,4.24
946.28,4.72,95.89,0.19,4.24
946.53,4.71,95.89,0.19,4.24
946.78,4.71,95.89,0.19,4.24
947.03,4.70,95.89,0.19,4.24
947.28,4.70,95.89,0.19,4.24
947.53,4.70,95.89,0.19,4.24
947.79,4.69,95.89,0.19,4.24
948.04,4.69,95.89,0.19,4.24
948.29,4.68,95.89,0.19,4.24
948.54,4.67,95.89,0.19,4.24
948.79,4.67,95.89,0.19,4.24
949.04,4.66,95.89,0.19,4.24
949.29,4.75,95.89,0.19,4.24
949.54,4.74,95.89,0.19,4.24
949.79,4.74,95.89,0.19,4.24
950.04,4.73,95.89,0.19,4.24
950.29,4.71,95.89,0.19,4.24
950.54,4.71,95.89,0.19,4.24
950.79,4.71,95.89,0.19,4.24
951.04,4.70,95.89,0.19,4.24
951.29,4.69,95.89,0.19,4.24
951.54,4.69,95.89,0.19,4.24
951.80,4.68,95.89,0.19,4.24
952.05,4.67,95.89,0.19,4.24
952.30,4.67,95.89,0.19,4.24
952.55,4.66,95.89,0.19,4.24
952.80,4.66,95.89,0.19,4.24
953.05,4.73,95.89,0.19,4.24
953.30,4.68,95.89,0.19,4.24
953.55,4.68,95.89,0.19,4.24
953.80,4.67,95.89,0.19,4.24
954.05,4.66,95.89,0.19,4.24
954.30,4.65,95.89,0.19,4.24
954.55,4.65,95.89,0.19,4.24
954.80,4.65,95.89,0.19,4.24
955.05,4.65,95.89,0.19,4.24
955.30,4.71,95.89,0.19,4.24
955.56,4.70,95.89,0.19,4.24
955.81,4.70,95.89,0.19,4.24
956.06,4.68,95.89,0.19,4.24
956.31,4.66,95.89,0.19,4.24
956.56,4.66,95.89,0.19,4.24
956.81,4.66,95.89,0.19,4.24
957.06,4.64,95.89,0.19,4.24
957.31,4.63,95.89,0.19,4.24
957.56,4.63,95.89,0.19,4.24
957.81,4.67,95.89,0.19,4.24
958.06,4.67,95.89,0.19,4.24
958.31,4.62,95.89,0.19,4.24
958.56,4.62,95.89,0.19,4.24
958.81,4.62,95.89,0.19,4.24
959.06,4.62,95.89,0.19,4.24
959.31,4.61,95.89,0.19,4.24
959.57,4.61,95.89,0.19,4.24
959.82,4.60,95.89,0.19,4.24
960.07,4.59,95.89,0.19,4.24
960.32,4.61,95.89,0.19,4.24
960.57,4.61,95.89,0.19,4.24
960.82,4.61,95.89,0.19,4.24
961.07,4.60,95.89,0.19,4.24
961.32,4.58,95.89,0.19,4.24
961.57,4.58,95.89,0.19,4.24
961.82,4.57,95.89,0.19,4.24
962.07,4.57,95.89,0.19,4.24
962.32,4.59,95.89,0.19,4.24
962.57,4.59,95.89,0.19,4.24
962.82,4.58,95.89,0.19,4.24
963.07,4.58,95.89,0.19,4.24
963.33,4.56,95.89,0.19,4.24
963.58,4.56,95.89,0.19,4.24
963.83,4.56,95.89,0.19,4.24
964.08,4.56,95.89,0.19,4.24
964.33,4.54,95.89,0.19,4.24
964.58,4.53,95.89,0.19,4.24
964.83,4.53,95.89,0.19,4.24
965.08,4.52,95.89,0.19,4.24
965.33,4.51,95.89,0.19,4.24
965.58,4.51,95.89,0.19,4.24
965.83,4.51,95.89,0.19,4.24
966.08,4.57,95.89,0.19,4.24
966.33,4.54,95.89,0.19,4.24
966.58,4.54,95.89,0.19,4.24
966.83,4.54,95.89,0.19,4.24
967.08,4.53,95.89,0.19,4.24
967.34,4.52,95.89,0.19,4.24
967.59,4.51,95.89,0.19,4.24
967.84,4.51,95.89,0.19,4.24
968.09,4.55,95.89,0.19,4.24
968.34,4.50,95.89,0.19,4.24
968.59,4.50,95.89,0.19,4.24
968.84,4.50,95.89,0.19,4.24
969.09,4.49,95.89,0.19,4.24
969.34,4.48,95.89,0.19,4.24
969.59,4.48,95.89,0.19,4.24
969.84,4.45,95.89,0.19,4.24
970.09,4.45,95.89,0.19,4.24
970.34,4.45,95.89,0.19,4.24
970.59,4.44,95.89,0.19,4.24
970.84,4.44,95.89,0.19,4.24
971.10,4.44,95.89,0.19,4.24
971.35,4.44,95.89,0.19,4.24
971.60,4.44,95.89,0.19,4.24
971.85,4.44,95.89,0.19,4.24
972.10,4.43,95.89,0.19,4.24
972.35,4.42,95.89,0.19,4.24
972.60,4.42,95.89,0.19,4.24
972.85,4.42,95.89,0.19,4.24
973.10,4.41,95.89,0.19,4.24
973.35,4.39,95.89,0.19,4.24
973.60,4.39,95.89,0.19,4.24
973.85,4.48,95.89,0.19,4.24
974.10,4.47,95.89,0.19,4.24
974.35,4.44,95.89,0.19,4.24
974.60,4.44,95.89,0.19,4.24
974.86,4.42,95.89,0.19,4.24
975.11,4.61,95.89,0.19,4.24
975.36,4.61,95.89,0.19,4.24
975.61,4.57,95.89,0.19,4.24
975.86,4.56,95.89,0.19,4.24
976.11,4.55,95.89,0.19,4.24
976.36,4.55,95.89,0.19,4.24
976.61,4.54,95.89,0.19,4.24
976.86,4.62,95.89,0.19,4.24
977.11,4.61,95.89,0.19,4.24
977.36,4.59,95.89,0.19,4.24
977.61,4.59,95.89,0.19,4.24
977.86,4.59,95.89,0.19,4.24
978.11,4.57,95.89,0.19,4.24
978.36,4.55,95.89,0.19,4.24
978.62,4.60,95.89,0.19,4.24
978.87,4.60,95.89,0.19,4.24
979.12,4.59,95.89,0.19,4.24
979.37,4.58,95.89,0.19,4.24
979.62,4.58,95.89,0.19,4.24
979.87,4.58,95.89,0.19,4.24
980.12,4.58,95.89,0.19,4.24
980.37,4.57,95.89,0.19,4.24
980.62,4.57,95.89,0.19,4.24
980.87,4.56,95.89,0.19,4.24
981.12,4.56,95.89,0.19,4.24
981.37,4.63,95.89,0.19,4.24
981.62,4.62,95.89,0.19,4.24
981.87,4.61,95.89,0.19,4.24
982.12,4.61,95.89,0.19,4.24
982.37,4.59,95.89,0.19,4.24
982.62,4.59,95.89,0.19,4.24
982.88,4.58,95.89,0.19,4.24
983.13,4.58,95.89,0.19,4.24
983.38,4.57,95.89,0.19,4.24
983.63,4.57,95.89,0.19,4.24
983.88,4.72,95.89,0.19,4.24
984.13,4.70,95.89,0.19,4.24
984.38,4.69,95.89,0.19,4.24
984.63,4.69,95.89,0.19,4.24
984.88,4.69,95.89,0.19,4.24
985.13,4.68,95.89,0.19,4.24
985.38,4.67,95.89,0.19,4.24
985.63,4.66,95.89,0.19,4.24
985.88,4.66,95.89,0.19,4.24
986.13,4.65,95.89,0.19,4.24
986.38,4.63,95.89,0.19,4.24
986.64,4.63,95.89,0.19,4.24
986.89,4.62,95.89,0.19,4.24
987.14,4.62,95.89,0.19,4.24
987.39,4.60,95.89,0.19,4.24
987.64,4.67,95.89,0.19,4.24
987.89,4.65,95.89,0.19,4.24
988.14,4.64,95.89,0.19,4.24
988.39,4.62,95.89,0.19,4.24
988.64,4.61,95.89,0.19,4.24
988.89,4.61,95.89,0.19,4.24
989.14,4.61,95.89,0.19,4.24
989.39,4.59,95.89,0.19,4.24
989.64,4.59,95.89,0.19,4.24
989.89,4.58,95.89,0.19,4.24
990.14,4.57,95.89,0.19,4.24
990.39,4.62,95.89,0.19,4.24
990.65,4.61,95.89,0.19,4.24
990.90,4.60,95.89,0.19,4.24
991.15,4.59,95.89,0.19,4.24
991.40,4.58,95.89,0.19,4.25
991.65,4.56,95.89,0.19,4.25
991.90,4.56,95.89,0.19,4.25
992.15,4.56,95.89,0.19,4.25
992.40,4.57,95.89,0.19,4.25
992.65,4.56,95.89,0.19,4.25
992.90,4.56,95.89,0.19,4.25
993.15,4.55,95.89,0.19,4.25
993.40,4.54,95.89,0.19,4.25
993.65,4.54,95.89,0.19,4.25
993.90,4.54,95.89,0.19,4.25
994.15,4.54,95.89,0.19,4.25
994.40,4.52,95.89,0.19,4.25
994.65,4.52,95.89,0.19,4.25
994.91,4.51,95.89,0.19,4.25
995.16,4.51,95.89,0.19,4.25
995.41,4.49,95.89,0.19,4.25
995.66,4.49,95.89,0.19,4.25
995.91,4.57,95.89,0.19,4.25
996.16,4.56,95.89,0.19,4.25
996.41,4.53,95.89,0.19,4.25
996.66,4.52,95.89,0.19,4.25
996.91,4.52,95.89,0.19,4.25
997.16,4.51,95.89,0.19,4.25
997.41,4.50,95.89,0.19,4.25
997.66,4.49,95.89,0.19,4.25
997.91,4.49,95.89,0.19,4.25
998.16,4.48,95.89,0.19,4.25
998.41,4.45,95.89,0.19,4.25
998.66,4.44,95.89,0.19,4.25
998.91,4.44,95.89,0.19,4.25
999.17,4.44,95.89,0.19,4.25
999.42,4.46,95.89,0.19,4.25
999.67,4.46,95.89,0.19,4.25
999.92,4.45,95.89,0.19,4.25
1000.17,4.45,95.89,0.19,4.25
1000.42,4.52,95.89,0.19,4.25
1000.67,4.51,95.89,0.19,4.25
1000.92,4.50,95.89,0.19,4.25
1001.17,4.50,95.89,0.19,4.25
1001.42,4.46,95.89,0.19,4.25
1001.67,4.46,95.89,0.19,4.25
1001.92,4.46,95.89,0.19,4.25
1002.17,4.45,95.89,0.19,4.25
1002.42,4.44,95.89,0.19,4.25
1002.67,4.43,95.89,0.19,4.25
1002.92,4.43,95.89,0.19,4.25
1003.18,4.42,95.89,0.19,4.25
1003.43,4.42,95.89,0.19,4.25
1003.68,4.42,95.89,0.19,4.25
1003.93,4.42,95.89,0.19,4.25
1004.18,4.41,95.89,0.19,4.25
1004.43,4.40,95.89,0.19,4.25
1004.68,4.40,95.89,0.19,4.25
1004.93,4.45,95.89,0.19,4.25
1005.18,4.44,95.89,0.19,4.25
1005.43,4.42,95.89,0.19,4.25
1005.68,4.41,95.88,0.19,4.25
1005.93,4.40,95.88,0.19,4.25
1006.18,4.39,95.88,0.19,4.25
1006.43,4.38,95.88,0.19,4.25
1006.68,4.38,95.88,0.19,4.25
1006.93,4.37,95.88,0.19,4.25
1007.19,4.37,95.88,0.19,4.25
1007.44,4.36,95.88,0.19,4.25
1007.69,4.36,95.88,0.19,4.25
1007.94,4.36,95.88,0.19,4.25
1008.19,4.36,95.88,0.19,4.25
1008.44,4.38,95.88,0.19,0.00
1008.69,8.04,95.88,0.18,0.00
